allocated_mb,attn_rank,avg_iteration_ms,cmd_file,cpu_offload_overlap_group_numel,create_all_gather_group,cuda_device_max_connections,cuda_graph,cuda_graph_impl,cuda_graph_modules,cuda_graph_retain_backward_graph,cuda_graph_use_single_mempool,cuda_launch_blocking,ddp_bucket_size,ddp_num_buckets,ddp_pad_buckets_for_high_nccl_busbw,failure_reason,ffn_hidden_size,forward_backward_ms,fsdp_double_buffer,fsdp_grad_reduce_in_bf16,fsdp_impl,fsdp_init_model_with_meta_device,fsdp_suggested_communication_unit_size,fsdp_use_nccl_ub,fsdp_use_precision_aware_optimizer,fsdp_use_torch_optimizer,global_max_allocated_mb,global_max_reserved_mb,gpus_per_node,grad_sync_ms,hidden_size,log_file,max_allocated_mb,max_reserved_mb,memory_snapshot_dir,memory_snapshot_phases,memory_snapshot_ranks,meta_file,mlp_rank,model_impl,model_size,nnodes,nsys_output,num_heads,num_layers,num_logged_iters,offload,optimizer_copy_main_to_model_ms,optimizer_copy_ms,optimizer_copy_to_main_grad_ms,optimizer_inner_ms,optimizer_offload_fraction,optimizer_total_ms,overlap_cpu_optimizer_d2h_h2d,overlap_grad_reduce,overlap_param_gather,overlap_param_gather_with_optimizer_step,param_all_gather_ms,pin_cpu_grads,pin_cpu_params,post_training_caveat,profile_nsys,profile_ranks,profile_step_end,profile_step_start,python,reserved_mb,run_id,run_timeout_seconds,seq_length,status,strategy,torch_nccl_async_error_handling,train_iters,use_torch_optimizer_for_cpu_offload,warmup_iters
3535.93,800,40.5,/home/zhengyangwang/offloading/ATC-Megatron/benchmarks/0525/throughput_optimization_20260526T053247Z/meta/throughput_3b4l_cola_distopt_cudagraph_baseline.cmd,,0,,1,full_iteration,,0,1,,,,0,,8640,,0,0,megatron,0,,0,0,0,4697.58,5410.0,4,,3200,/home/zhengyangwang/offloading/ATC-Megatron/benchmarks/0525/throughput_optimization_20260526T053247Z/logs/throughput_3b4l_cola_distopt_cudagraph_baseline.log,4689.63,5410.0,,0,,/home/zhengyangwang/offloading/ATC-Megatron/benchmarks/0525/throughput_optimization_20260526T053247Z/meta/throughput_3b4l_cola_distopt_cudagraph_baseline.json,800,cola,3b,1,/home/zhengyangwang/offloading/ATC-Megatron/benchmarks/0525/throughput_optimization_20260526T053247Z/profiles/throughput_3b4l_cola_distopt_cudagraph_baseline,32,4,20,0,,,,,1.0,,0,0,0,0,,1,1,log reached training completion before later teardown signal,0,0,10,7,/home/zhengyangwang/.conda/envs/dspeed_env/bin/python,5410.0,throughput_3b4l_cola_distopt_cudagraph_baseline,600,1024,ok,distopt,,20,0,5
,800,,/home/zhengyangwang/offloading/ATC-Megatron/benchmarks/0525/throughput_optimization_20260526T053247Z/meta/throughput_3b4l_cola_distopt_nsys_light.cmd,,0,,0,full_iteration,,0,1,,,,0,CUDA device busy or unavailable before training startup,8640,,0,0,megatron,0,,0,0,0,,,4,,3200,/home/zhengyangwang/offloading/ATC-Megatron/benchmarks/0525/throughput_optimization_20260526T053247Z/logs/throughput_3b4l_cola_distopt_nsys_light.log,,,,0,,/home/zhengyangwang/offloading/ATC-Megatron/benchmarks/0525/throughput_optimization_20260526T053247Z/meta/throughput_3b4l_cola_distopt_nsys_light.json,800,cola,3b,1,/home/zhengyangwang/offloading/ATC-Megatron/benchmarks/0525/throughput_optimization_20260526T053247Z/profiles/throughput_3b4l_cola_distopt_nsys_light,32,4,0,0,,,,,1.0,,0,0,0,0,,1,1,,1,0,10,7,/home/zhengyangwang/.conda/envs/dspeed_env/bin/python,,throughput_3b4l_cola_distopt_nsys_light,600,1024,failed,distopt,,12,0,5
3519.67,800,1503.257142857143,/home/zhengyangwang/offloading/ATC-Megatron/benchmarks/0525/throughput_optimization_20260526T053247Z/meta/throughput_3b4l_cola_distopt_nsys_light_retry1.cmd,,0,,0,full_iteration,,0,1,,,,0,,8640,50.86,0,0,megatron,0,,0,0,0,4684.86,5038.0,4,10.182857142857143,3200,/home/zhengyangwang/offloading/ATC-Megatron/benchmarks/0525/throughput_optimization_20260526T053247Z/logs/throughput_3b4l_cola_distopt_nsys_light_retry1.log,4671.5,4856.0,,0,,/home/zhengyangwang/offloading/ATC-Megatron/benchmarks/0525/throughput_optimization_20260526T053247Z/meta/throughput_3b4l_cola_distopt_nsys_light_retry1.json,800,cola,3b,1,/home/zhengyangwang/offloading/ATC-Megatron/benchmarks/0525/throughput_optimization_20260526T053247Z/profiles/throughput_3b4l_cola_distopt_nsys_light_retry1,32,4,12,0,0.76,1.022857142857143,0.26285714285714284,2.4400000000000004,1.0,8.814285714285715,0,0,0,0,3.3971428571428572,1,1,,1,0,10,7,/home/zhengyangwang/.conda/envs/dspeed_env/bin/python,4856.0,throughput_3b4l_cola_distopt_nsys_light_retry1,600,1024,ok,distopt,,12,0,5
6095.26,800,1472.3857142857144,/home/zhengyangwang/offloading/ATC-Megatron/benchmarks/0525/throughput_optimization_20260526T053247Z/meta/throughput_3b4l_fullrank_distopt_nsys_light.cmd,,0,,0,full_iteration,,0,1,,,,0,,8640,54.94285714285714,0,0,megatron,0,,0,0,0,7145.09,7622.0,4,17.53,3200,/home/zhengyangwang/offloading/ATC-Megatron/benchmarks/0525/throughput_optimization_20260526T053247Z/logs/throughput_3b4l_fullrank_distopt_nsys_light.log,7141.38,7562.0,,0,,/home/zhengyangwang/offloading/ATC-Megatron/benchmarks/0525/throughput_optimization_20260526T053247Z/meta/throughput_3b4l_fullrank_distopt_nsys_light.json,800,baseline,3b,1,/home/zhengyangwang/offloading/ATC-Megatron/benchmarks/0525/throughput_optimization_20260526T053247Z/profiles/throughput_3b4l_fullrank_distopt_nsys_light,32,4,12,0,1.09,1.2200000000000002,0.13,4.085714285714286,1.0,13.605714285714287,0,0,0,0,5.772857142857142,1,1,,1,0,10,7,/home/zhengyangwang/.conda/envs/dspeed_env/bin/python,7562.0,throughput_3b4l_fullrank_distopt_nsys_light,600,1024,ok,distopt,,12,0,5
11923.44,800,202.54666666666665,/home/zhengyangwang/offloading/ATC-Megatron/benchmarks/0525/throughput_optimization_20260526T053247Z/meta/throughput_3b_cola_distopt_baseline.cmd,,0,,0,full_iteration,,0,1,,,,0,,8640,167.59066666666666,0,0,megatron,0,,0,0,0,17441.39,18118.0,4,33.22933333333334,3200,/home/zhengyangwang/offloading/ATC-Megatron/benchmarks/0525/throughput_optimization_20260526T053247Z/logs/throughput_3b_cola_distopt_baseline.log,17427.84,18098.0,,0,,/home/zhengyangwang/offloading/ATC-Megatron/benchmarks/0525/throughput_optimization_20260526T053247Z/meta/throughput_3b_cola_distopt_baseline.json,800,cola,3b,1,/home/zhengyangwang/offloading/ATC-Megatron/benchmarks/0525/throughput_optimization_20260526T053247Z/profiles/throughput_3b_cola_distopt_baseline,32,24,20,0,2.298,2.8613333333333335,0.5633333333333332,8.157333333333334,1.0,26.448,0,0,0,0,10.794666666666668,1,1,,0,0,10,7,/home/zhengyangwang/.conda/envs/dspeed_env/bin/python,18098.0,throughput_3b_cola_distopt_baseline,600,1024,ok,distopt,,20,0,5
7970.08,800,854.5733333333334,/home/zhengyangwang/offloading/ATC-Megatron/benchmarks/0525/throughput_optimization_20260526T053247Z/meta/throughput_3b_cola_distopt_offload_baseline.cmd,,0,,0,full_iteration,,0,1,,,,0,,8640,175.232,0,0,megatron,0,,0,0,0,13464.8,14160.0,4,33.328,3200,/home/zhengyangwang/offloading/ATC-Megatron/benchmarks/0525/throughput_optimization_20260526T053247Z/logs/throughput_3b_cola_distopt_offload_baseline.log,13464.8,14160.0,,0,,/home/zhengyangwang/offloading/ATC-Megatron/benchmarks/0525/throughput_optimization_20260526T053247Z/meta/throughput_3b_cola_distopt_offload_baseline.json,800,cola,3b,1,/home/zhengyangwang/offloading/ATC-Megatron/benchmarks/0525/throughput_optimization_20260526T053247Z/profiles/throughput_3b_cola_distopt_offload_baseline,32,24,20,1,0.02333333333333333,0.6319999999999999,0.6086666666666666,654.0673333333333,1.0,670.3146666666667,0,0,0,0,10.848,1,1,,0,0,10,7,/home/zhengyangwang/.conda/envs/dspeed_env/bin/python,14160.0,throughput_3b_cola_distopt_offload_baseline,600,1024,ok,distopt,,20,0,5
9935.29,800,561.0733333333334,/home/zhengyangwang/offloading/ATC-Megatron/benchmarks/0525/throughput_optimization_20260526T053247Z/meta/throughput_3b_cola_distopt_offload_fraction_0p5.cmd,,0,,0,full_iteration,,0,1,,,,0,,8640,181.84466666666668,0,0,megatron,0,,0,0,0,15438.15,15912.0,4,33.224000000000004,3200,/home/zhengyangwang/offloading/ATC-Megatron/benchmarks/0525/throughput_optimization_20260526T053247Z/logs/throughput_3b_cola_distopt_offload_fraction_0p5.log,15435.72,15756.0,,0,,/home/zhengyangwang/offloading/ATC-Megatron/benchmarks/0525/throughput_optimization_20260526T053247Z/meta/throughput_3b_cola_distopt_offload_fraction_0p5.json,800,cola,3b,1,/home/zhengyangwang/offloading/ATC-Megatron/benchmarks/0525/throughput_optimization_20260526T053247Z/profiles/throughput_3b_cola_distopt_offload_fraction_0p5,32,24,20,1,0.029999999999999995,0.636,0.606,347.988,0.5,369.11066666666665,0,0,0,0,13.783999999999999,1,1,,0,0,10,7,/home/zhengyangwang/.conda/envs/dspeed_env/bin/python,15756.0,throughput_3b_cola_distopt_offload_fraction_0p5,600,1024,ok,distopt,,20,0,5
7970.08,800,1047.52,/home/zhengyangwang/offloading/ATC-Megatron/benchmarks/0525/throughput_optimization_20260526T053247Z/meta/throughput_3b_cola_distopt_offload_overlap_d2h_h2d.cmd,,0,,0,full_iteration,,0,1,,,,0,,8640,227.52866666666665,0,0,megatron,0,,0,0,0,13464.8,14436.0,4,33.28333333333333,3200,/home/zhengyangwang/offloading/ATC-Megatron/benchmarks/0525/throughput_optimization_20260526T053247Z/logs/throughput_3b_cola_distopt_offload_overlap_d2h_h2d.log,13464.8,14358.0,,0,,/home/zhengyangwang/offloading/ATC-Megatron/benchmarks/0525/throughput_optimization_20260526T053247Z/meta/throughput_3b_cola_distopt_offload_overlap_d2h_h2d.json,800,cola,3b,1,/home/zhengyangwang/offloading/ATC-Megatron/benchmarks/0525/throughput_optimization_20260526T053247Z/profiles/throughput_3b_cola_distopt_offload_overlap_d2h_h2d,32,24,20,1,0.03133333333333333,0.6346666666666666,0.6033333333333333,780.706,1.0,806.38,1,0,0,0,16.466666666666665,1,1,,0,0,10,7,/home/zhengyangwang/.conda/envs/dspeed_env/bin/python,14358.0,throughput_3b_cola_distopt_offload_overlap_d2h_h2d,600,1024,ok,distopt,,20,0,5
7970.08,800,1014.6933333333333,/home/zhengyangwang/offloading/ATC-Megatron/benchmarks/0525/throughput_optimization_20260526T053247Z/meta/throughput_3b_cola_distopt_offload_overlap_group50m.cmd,50000000,0,,0,full_iteration,,0,1,,,,0,,8640,231.7086666666667,0,0,megatron,0,,0,0,0,13464.8,14436.0,4,33.208,3200,/home/zhengyangwang/offloading/ATC-Megatron/benchmarks/0525/throughput_optimization_20260526T053247Z/logs/throughput_3b_cola_distopt_offload_overlap_group50m.log,13464.8,14358.0,,0,,/home/zhengyangwang/offloading/ATC-Megatron/benchmarks/0525/throughput_optimization_20260526T053247Z/meta/throughput_3b_cola_distopt_offload_overlap_group50m.json,800,cola,3b,1,/home/zhengyangwang/offloading/ATC-Megatron/benchmarks/0525/throughput_optimization_20260526T053247Z/profiles/throughput_3b_cola_distopt_offload_overlap_group50m,32,24,20,1,0.028666666666666667,0.5873333333333334,0.5586666666666668,736.26,1.0,768.3246666666668,1,0,0,0,18.266666666666666,1,1,,0,0,10,7,/home/zhengyangwang/.conda/envs/dspeed_env/bin/python,14358.0,throughput_3b_cola_distopt_offload_overlap_group50m,600,1024,ok,distopt,,20,0,5
,800,,/home/zhengyangwang/offloading/ATC-Megatron/benchmarks/0525/throughput_optimization_20260526T053247Z/meta/throughput_3b_cola_fsdp_baseline.cmd,,0,,0,full_iteration,,0,1,,,,0,CUDA illegal memory access during optimizer.step()/optimizer-inner-step; NCCL watchdog abort,8640,,0,0,megatron,0,,0,0,0,,,4,,3200,/home/zhengyangwang/offloading/ATC-Megatron/benchmarks/0525/throughput_optimization_20260526T053247Z/logs/throughput_3b_cola_fsdp_baseline.log,,,,0,,/home/zhengyangwang/offloading/ATC-Megatron/benchmarks/0525/throughput_optimization_20260526T053247Z/meta/throughput_3b_cola_fsdp_baseline.json,800,cola,3b,1,/home/zhengyangwang/offloading/ATC-Megatron/benchmarks/0525/throughput_optimization_20260526T053247Z/profiles/throughput_3b_cola_fsdp_baseline,32,24,0,0,,,,,1.0,,0,0,0,0,,1,1,,0,0,10,7,/home/zhengyangwang/.conda/envs/dspeed_env/bin/python,,throughput_3b_cola_fsdp_baseline,600,1024,failed,fsdp,,20,0,5
4807.32,800,892.2466666666667,/home/zhengyangwang/offloading/ATC-Megatron/benchmarks/0525/throughput_optimization_20260526T053247Z/meta/throughput_3b_cola_fsdp_offload_baseline.cmd,,0,,0,full_iteration,,0,1,,,,0,,8640,221.89466666666667,0,0,megatron,0,,0,0,0,11130.67,15822.0,4,8.295333333333334,3200,/home/zhengyangwang/offloading/ATC-Megatron/benchmarks/0525/throughput_optimization_20260526T053247Z/logs/throughput_3b_cola_fsdp_offload_baseline.log,11130.67,15822.0,,0,,/home/zhengyangwang/offloading/ATC-Megatron/benchmarks/0525/throughput_optimization_20260526T053247Z/meta/throughput_3b_cola_fsdp_offload_baseline.json,800,cola,3b,1,/home/zhengyangwang/offloading/ATC-Megatron/benchmarks/0525/throughput_optimization_20260526T053247Z/profiles/throughput_3b_cola_fsdp_offload_baseline,32,24,20,1,9.249333333333334,9.269333333333334,0.02,602.7646666666666,1.0,656.1726666666667,0,0,0,0,35.227999999999994,1,1,,0,0,10,7,/home/zhengyangwang/.conda/envs/dspeed_env/bin/python,15822.0,throughput_3b_cola_fsdp_offload_baseline,600,1024,ok,fsdp,,20,0,5
5747.32,800,874.06,/home/zhengyangwang/offloading/ATC-Megatron/benchmarks/0525/throughput_optimization_20260526T053247Z/meta/throughput_3b_cola_fsdp_offload_communit_2e9.cmd,,0,,0,full_iteration,,0,1,,,,0,,8640,213.11866666666666,0,0,megatron,0,2000000000,0,0,0,12070.67,16754.0,4,8.405333333333333,3200,/home/zhengyangwang/offloading/ATC-Megatron/benchmarks/0525/throughput_optimization_20260526T053247Z/logs/throughput_3b_cola_fsdp_offload_communit_2e9.log,12070.67,16754.0,,0,,/home/zhengyangwang/offloading/ATC-Megatron/benchmarks/0525/throughput_optimization_20260526T053247Z/meta/throughput_3b_cola_fsdp_offload_communit_2e9.json,800,cola,3b,1,/home/zhengyangwang/offloading/ATC-Megatron/benchmarks/0525/throughput_optimization_20260526T053247Z/profiles/throughput_3b_cola_fsdp_offload_communit_2e9,32,24,20,1,7.859333333333334,7.879333333333333,0.02,588.8706666666666,1.0,641.9886666666666,0,0,0,0,36.68533333333333,1,1,,0,0,10,7,/home/zhengyangwang/.conda/envs/dspeed_env/bin/python,16754.0,throughput_3b_cola_fsdp_offload_communit_2e9,600,1024,ok,fsdp,,20,0,5
,800,,/home/zhengyangwang/offloading/ATC-Megatron/benchmarks/0525/throughput_optimization_20260526T053247Z/meta/throughput_3b_cola_fsdp_offload_double_buffer.cmd,,0,,0,full_iteration,,0,1,,,,0,CUDA device busy or unavailable before training startup,8640,,1,0,megatron,0,,0,0,0,,,4,,3200,/home/zhengyangwang/offloading/ATC-Megatron/benchmarks/0525/throughput_optimization_20260526T053247Z/logs/throughput_3b_cola_fsdp_offload_double_buffer.log,,,,0,,/home/zhengyangwang/offloading/ATC-Megatron/benchmarks/0525/throughput_optimization_20260526T053247Z/meta/throughput_3b_cola_fsdp_offload_double_buffer.json,800,cola,3b,1,/home/zhengyangwang/offloading/ATC-Megatron/benchmarks/0525/throughput_optimization_20260526T053247Z/profiles/throughput_3b_cola_fsdp_offload_double_buffer,32,24,0,1,,,,,1.0,,0,0,0,0,,1,1,,0,0,10,7,/home/zhengyangwang/.conda/envs/dspeed_env/bin/python,,throughput_3b_cola_fsdp_offload_double_buffer,600,1024,failed,fsdp,,20,0,5
4156.54,800,891.7,/home/zhengyangwang/offloading/ATC-Megatron/benchmarks/0525/throughput_optimization_20260526T053247Z/meta/throughput_3b_cola_fsdp_offload_double_buffer_retry1.cmd,,0,,0,full_iteration,,0,1,,,,0,,8640,232.29,1,0,megatron,0,,0,0,0,10376.06,11344.0,4,8.176,3200,/home/zhengyangwang/offloading/ATC-Megatron/benchmarks/0525/throughput_optimization_20260526T053247Z/logs/throughput_3b_cola_fsdp_offload_double_buffer_retry1.log,10376.06,11344.0,,0,,/home/zhengyangwang/offloading/ATC-Megatron/benchmarks/0525/throughput_optimization_20260526T053247Z/meta/throughput_3b_cola_fsdp_offload_double_buffer_retry1.json,800,cola,3b,1,/home/zhengyangwang/offloading/ATC-Megatron/benchmarks/0525/throughput_optimization_20260526T053247Z/profiles/throughput_3b_cola_fsdp_offload_double_buffer_retry1,32,24,20,1,8.756666666666666,8.776666666666666,0.02,596.0733333333334,1.0,639.9786666666666,0,0,0,0,25.11466666666667,1,1,,0,0,10,7,/home/zhengyangwang/.conda/envs/dspeed_env/bin/python,11344.0,throughput_3b_cola_fsdp_offload_double_buffer_retry1,600,1024,ok,fsdp,,20,0,5
27384.37,800,277.74,/home/zhengyangwang/offloading/ATC-Megatron/benchmarks/0525/throughput_optimization_20260526T053247Z/meta/throughput_3b_fullrank_distopt_baseline.cmd,,0,,0,full_iteration,,0,1,,,,0,,8640,210.20666666666665,0,0,megatron,0,,0,0,0,32246.66,34068.0,4,76.01866666666666,3200,/home/zhengyangwang/offloading/ATC-Megatron/benchmarks/0525/throughput_optimization_20260526T053247Z/logs/throughput_3b_fullrank_distopt_baseline.log,32239.6,33650.0,,0,,/home/zhengyangwang/offloading/ATC-Megatron/benchmarks/0525/throughput_optimization_20260526T053247Z/meta/throughput_3b_fullrank_distopt_baseline.json,800,baseline,3b,1,/home/zhengyangwang/offloading/ATC-Megatron/benchmarks/0525/throughput_optimization_20260526T053247Z/profiles/throughput_3b_fullrank_distopt_baseline,32,24,20,0,4.341333333333334,4.613333333333334,0.272,18.090666666666667,1.0,55.669999999999995,0,0,0,0,24.470666666666666,1,1,,0,0,10,7,/home/zhengyangwang/.conda/envs/dspeed_env/bin/python,33650.0,throughput_3b_fullrank_distopt_baseline,600,1024,ok,distopt,,20,0,5
18270.47,800,1701.5800000000002,/home/zhengyangwang/offloading/ATC-Megatron/benchmarks/0525/throughput_optimization_20260526T053247Z/meta/throughput_3b_fullrank_distopt_offload_baseline.cmd,,0,,0,full_iteration,,0,1,,,,0,,8640,211.918,0,0,megatron,0,,0,0,0,24276.99,25002.0,4,76.04666666666667,3200,/home/zhengyangwang/offloading/ATC-Megatron/benchmarks/0525/throughput_optimization_20260526T053247Z/logs/throughput_3b_fullrank_distopt_offload_baseline.log,24276.99,25002.0,,0,,/home/zhengyangwang/offloading/ATC-Megatron/benchmarks/0525/throughput_optimization_20260526T053247Z/meta/throughput_3b_fullrank_distopt_offload_baseline.json,800,baseline,3b,1,/home/zhengyangwang/offloading/ATC-Megatron/benchmarks/0525/throughput_optimization_20260526T053247Z/profiles/throughput_3b_fullrank_distopt_offload_baseline,32,24,20,1,0.02,0.3013333333333334,0.2813333333333334,1443.7353333333333,1.0,1477.1779999999999,0,0,0,0,24.508,1,1,,0,0,10,7,/home/zhengyangwang/.conda/envs/dspeed_env/bin/python,25002.0,throughput_3b_fullrank_distopt_offload_baseline,600,1024,ok,distopt,,20,0,5
,800,,/home/zhengyangwang/offloading/ATC-Megatron/benchmarks/0525/throughput_optimization_20260526T053247Z/meta/throughput_3b_fullrank_fsdp_baseline.cmd,,0,,0,full_iteration,,0,1,,,,0,CUDA illegal memory access during optimizer.step()/optimizer-inner-step; NCCL watchdog abort,8640,,0,0,megatron,0,,0,0,0,,,4,,3200,/home/zhengyangwang/offloading/ATC-Megatron/benchmarks/0525/throughput_optimization_20260526T053247Z/logs/throughput_3b_fullrank_fsdp_baseline.log,,,,0,,/home/zhengyangwang/offloading/ATC-Megatron/benchmarks/0525/throughput_optimization_20260526T053247Z/meta/throughput_3b_fullrank_fsdp_baseline.json,800,baseline,3b,1,/home/zhengyangwang/offloading/ATC-Megatron/benchmarks/0525/throughput_optimization_20260526T053247Z/profiles/throughput_3b_fullrank_fsdp_baseline,32,24,0,0,,,,,1.0,,0,0,0,0,,1,1,,0,0,10,7,/home/zhengyangwang/.conda/envs/dspeed_env/bin/python,,throughput_3b_fullrank_fsdp_baseline,600,1024,failed,fsdp,,20,0,5
9245.17,800,1585.52,/home/zhengyangwang/offloading/ATC-Megatron/benchmarks/0525/throughput_optimization_20260526T053247Z/meta/throughput_3b_fullrank_fsdp_offload_baseline.cmd,,0,,0,full_iteration,,0,1,,,,0,,8640,229.50333333333336,0,0,megatron,0,,0,0,0,17972.57,27072.0,4,4.705333333333333,3200,/home/zhengyangwang/offloading/ATC-Megatron/benchmarks/0525/throughput_optimization_20260526T053247Z/logs/throughput_3b_fullrank_fsdp_offload_baseline.log,17972.44,27058.0,,0,,/home/zhengyangwang/offloading/ATC-Megatron/benchmarks/0525/throughput_optimization_20260526T053247Z/meta/throughput_3b_fullrank_fsdp_offload_baseline.json,800,baseline,3b,1,/home/zhengyangwang/offloading/ATC-Megatron/benchmarks/0525/throughput_optimization_20260526T053247Z/profiles/throughput_3b_fullrank_fsdp_offload_baseline,32,24,20,1,5.347333333333334,5.367333333333334,0.02,1316.9540000000002,1.0,1345.7173333333333,0,0,0,0,13.270000000000001,1,1,,0,0,10,7,/home/zhengyangwang/.conda/envs/dspeed_env/bin/python,27058.0,throughput_3b_fullrank_fsdp_offload_baseline,600,1024,ok,fsdp,,20,0,5
