allocated_mb,attn_rank,avg_iteration_ms,cmd_file,cpu_offload_foreach_copy,cpu_offload_overlap_group_numel,cpu_offload_slab_copy,create_all_gather_group,cuda_device_max_connections,cuda_graph,cuda_graph_impl,cuda_graph_modules,cuda_graph_retain_backward_graph,cuda_graph_use_single_mempool,cuda_launch_blocking,ddp_bucket_size,ddp_num_buckets,ddp_pad_buckets_for_high_nccl_busbw,failure_reason,ffn_hidden_size,forward_backward_ms,fsdp_double_buffer,fsdp_grad_reduce_in_bf16,fsdp_impl,fsdp_init_model_with_meta_device,fsdp_suggested_communication_unit_size,fsdp_use_nccl_ub,fsdp_use_precision_aware_optimizer,fsdp_use_torch_optimizer,global_max_allocated_mb,global_max_reserved_mb,gpus_per_node,grad_sync_ms,hidden_size,log_file,max_allocated_mb,max_reserved_mb,memory_snapshot_dir,memory_snapshot_phases,memory_snapshot_ranks,meta_file,mlp_rank,model_impl,model_size,nnodes,nsys_output,num_heads,num_layers,num_logged_iters,offload,optimizer_copy_main_to_model_ms,optimizer_copy_ms,optimizer_copy_to_main_grad_ms,optimizer_inner_ms,optimizer_offload_fraction,optimizer_total_ms,overlap_cpu_optimizer_d2h_h2d,overlap_grad_reduce,overlap_param_gather,overlap_param_gather_with_optimizer_step,param_all_gather_ms,pin_cpu_grads,pin_cpu_params,post_training_caveat,profile_nsys,profile_ranks,profile_step_end,profile_step_start,python,reserved_mb,run_id,run_timeout_seconds,seq_length,source,status,strategy,torch_nccl_async_error_handling,train_iters,use_torch_optimizer_for_cpu_offload,warmup_iters
11923.44,800,202.54666666666665,/home/zhengyangwang/offloading/ATC-Megatron/benchmarks/0525/throughput_optimization_20260526T053247Z/meta/throughput_3b_cola_distopt_baseline.cmd,,,,0,,0,full_iteration,,0,1,,,,0,,8640,167.59066666666666,0,0,megatron,0,,0,0,0,17441.39,18118.0,4,33.22933333333334,3200,/home/zhengyangwang/offloading/ATC-Megatron/benchmarks/0525/throughput_optimization_20260526T053247Z/logs/throughput_3b_cola_distopt_baseline.log,17427.84,18098.0,,0,,/home/zhengyangwang/offloading/ATC-Megatron/benchmarks/0525/throughput_optimization_20260526T053247Z/meta/throughput_3b_cola_distopt_baseline.json,800,cola,3b,1,/home/zhengyangwang/offloading/ATC-Megatron/benchmarks/0525/throughput_optimization_20260526T053247Z/profiles/throughput_3b_cola_distopt_baseline,32,24,20,0,2.298,2.8613333333333335,0.5633333333333332,8.157333333333334,1.0,26.448,0,0,0,0,10.794666666666668,1,1,,0,0,10,7,/home/zhengyangwang/.conda/envs/dspeed_env/bin/python,18098.0,throughput_3b_cola_distopt_baseline,600,1024,imported_0525_throughput_study,ok,distopt,,20,0,5
7970.08,800,854.5733333333334,/home/zhengyangwang/offloading/ATC-Megatron/benchmarks/0525/throughput_optimization_20260526T053247Z/meta/throughput_3b_cola_distopt_offload_baseline.cmd,,,,0,,0,full_iteration,,0,1,,,,0,,8640,175.232,0,0,megatron,0,,0,0,0,13464.8,14160.0,4,33.328,3200,/home/zhengyangwang/offloading/ATC-Megatron/benchmarks/0525/throughput_optimization_20260526T053247Z/logs/throughput_3b_cola_distopt_offload_baseline.log,13464.8,14160.0,,0,,/home/zhengyangwang/offloading/ATC-Megatron/benchmarks/0525/throughput_optimization_20260526T053247Z/meta/throughput_3b_cola_distopt_offload_baseline.json,800,cola,3b,1,/home/zhengyangwang/offloading/ATC-Megatron/benchmarks/0525/throughput_optimization_20260526T053247Z/profiles/throughput_3b_cola_distopt_offload_baseline,32,24,20,1,0.02333333333333333,0.6319999999999999,0.6086666666666666,654.0673333333333,1.0,670.3146666666667,0,0,0,0,10.848,1,1,,0,0,10,7,/home/zhengyangwang/.conda/envs/dspeed_env/bin/python,14160.0,throughput_3b_cola_distopt_offload_baseline,600,1024,imported_0525_throughput_study,ok,distopt,,20,0,5
7970.08,800,1047.52,/home/zhengyangwang/offloading/ATC-Megatron/benchmarks/0525/throughput_optimization_20260526T053247Z/meta/throughput_3b_cola_distopt_offload_overlap_d2h_h2d.cmd,,,,0,,0,full_iteration,,0,1,,,,0,,8640,227.52866666666665,0,0,megatron,0,,0,0,0,13464.8,14436.0,4,33.28333333333333,3200,/home/zhengyangwang/offloading/ATC-Megatron/benchmarks/0525/throughput_optimization_20260526T053247Z/logs/throughput_3b_cola_distopt_offload_overlap_d2h_h2d.log,13464.8,14358.0,,0,,/home/zhengyangwang/offloading/ATC-Megatron/benchmarks/0525/throughput_optimization_20260526T053247Z/meta/throughput_3b_cola_distopt_offload_overlap_d2h_h2d.json,800,cola,3b,1,/home/zhengyangwang/offloading/ATC-Megatron/benchmarks/0525/throughput_optimization_20260526T053247Z/profiles/throughput_3b_cola_distopt_offload_overlap_d2h_h2d,32,24,20,1,0.03133333333333333,0.6346666666666666,0.6033333333333333,780.706,1.0,806.38,1,0,0,0,16.466666666666665,1,1,,0,0,10,7,/home/zhengyangwang/.conda/envs/dspeed_env/bin/python,14358.0,throughput_3b_cola_distopt_offload_overlap_d2h_h2d,600,1024,imported_0525_throughput_study,ok,distopt,,20,0,5
9935.29,800,561.0733333333334,/home/zhengyangwang/offloading/ATC-Megatron/benchmarks/0525/throughput_optimization_20260526T053247Z/meta/throughput_3b_cola_distopt_offload_fraction_0p5.cmd,,,,0,,0,full_iteration,,0,1,,,,0,,8640,181.84466666666668,0,0,megatron,0,,0,0,0,15438.15,15912.0,4,33.224000000000004,3200,/home/zhengyangwang/offloading/ATC-Megatron/benchmarks/0525/throughput_optimization_20260526T053247Z/logs/throughput_3b_cola_distopt_offload_fraction_0p5.log,15435.72,15756.0,,0,,/home/zhengyangwang/offloading/ATC-Megatron/benchmarks/0525/throughput_optimization_20260526T053247Z/meta/throughput_3b_cola_distopt_offload_fraction_0p5.json,800,cola,3b,1,/home/zhengyangwang/offloading/ATC-Megatron/benchmarks/0525/throughput_optimization_20260526T053247Z/profiles/throughput_3b_cola_distopt_offload_fraction_0p5,32,24,20,1,0.029999999999999995,0.636,0.606,347.988,0.5,369.11066666666665,0,0,0,0,13.783999999999999,1,1,,0,0,10,7,/home/zhengyangwang/.conda/envs/dspeed_env/bin/python,15756.0,throughput_3b_cola_distopt_offload_fraction_0p5,600,1024,imported_0525_throughput_study,ok,distopt,,20,0,5
7970.08,800,1014.6933333333333,/home/zhengyangwang/offloading/ATC-Megatron/benchmarks/0525/throughput_optimization_20260526T053247Z/meta/throughput_3b_cola_distopt_offload_overlap_group50m.cmd,,50000000,,0,,0,full_iteration,,0,1,,,,0,,8640,231.7086666666667,0,0,megatron,0,,0,0,0,13464.8,14436.0,4,33.208,3200,/home/zhengyangwang/offloading/ATC-Megatron/benchmarks/0525/throughput_optimization_20260526T053247Z/logs/throughput_3b_cola_distopt_offload_overlap_group50m.log,13464.8,14358.0,,0,,/home/zhengyangwang/offloading/ATC-Megatron/benchmarks/0525/throughput_optimization_20260526T053247Z/meta/throughput_3b_cola_distopt_offload_overlap_group50m.json,800,cola,3b,1,/home/zhengyangwang/offloading/ATC-Megatron/benchmarks/0525/throughput_optimization_20260526T053247Z/profiles/throughput_3b_cola_distopt_offload_overlap_group50m,32,24,20,1,0.028666666666666667,0.5873333333333334,0.5586666666666668,736.26,1.0,768.3246666666668,1,0,0,0,18.266666666666666,1,1,,0,0,10,7,/home/zhengyangwang/.conda/envs/dspeed_env/bin/python,14358.0,throughput_3b_cola_distopt_offload_overlap_group50m,600,1024,imported_0525_throughput_study,ok,distopt,,20,0,5
27384.37,800,277.74,/home/zhengyangwang/offloading/ATC-Megatron/benchmarks/0525/throughput_optimization_20260526T053247Z/meta/throughput_3b_fullrank_distopt_baseline.cmd,,,,0,,0,full_iteration,,0,1,,,,0,,8640,210.20666666666665,0,0,megatron,0,,0,0,0,32246.66,34068.0,4,76.01866666666666,3200,/home/zhengyangwang/offloading/ATC-Megatron/benchmarks/0525/throughput_optimization_20260526T053247Z/logs/throughput_3b_fullrank_distopt_baseline.log,32239.6,33650.0,,0,,/home/zhengyangwang/offloading/ATC-Megatron/benchmarks/0525/throughput_optimization_20260526T053247Z/meta/throughput_3b_fullrank_distopt_baseline.json,800,baseline,3b,1,/home/zhengyangwang/offloading/ATC-Megatron/benchmarks/0525/throughput_optimization_20260526T053247Z/profiles/throughput_3b_fullrank_distopt_baseline,32,24,20,0,4.341333333333334,4.613333333333334,0.272,18.090666666666667,1.0,55.669999999999995,0,0,0,0,24.470666666666666,1,1,,0,0,10,7,/home/zhengyangwang/.conda/envs/dspeed_env/bin/python,33650.0,throughput_3b_fullrank_distopt_baseline,600,1024,imported_0525_throughput_study,ok,distopt,,20,0,5
18270.47,800,1701.5800000000002,/home/zhengyangwang/offloading/ATC-Megatron/benchmarks/0525/throughput_optimization_20260526T053247Z/meta/throughput_3b_fullrank_distopt_offload_baseline.cmd,,,,0,,0,full_iteration,,0,1,,,,0,,8640,211.918,0,0,megatron,0,,0,0,0,24276.99,25002.0,4,76.04666666666667,3200,/home/zhengyangwang/offloading/ATC-Megatron/benchmarks/0525/throughput_optimization_20260526T053247Z/logs/throughput_3b_fullrank_distopt_offload_baseline.log,24276.99,25002.0,,0,,/home/zhengyangwang/offloading/ATC-Megatron/benchmarks/0525/throughput_optimization_20260526T053247Z/meta/throughput_3b_fullrank_distopt_offload_baseline.json,800,baseline,3b,1,/home/zhengyangwang/offloading/ATC-Megatron/benchmarks/0525/throughput_optimization_20260526T053247Z/profiles/throughput_3b_fullrank_distopt_offload_baseline,32,24,20,1,0.02,0.3013333333333334,0.2813333333333334,1443.7353333333333,1.0,1477.1779999999999,0,0,0,0,24.508,1,1,,0,0,10,7,/home/zhengyangwang/.conda/envs/dspeed_env/bin/python,25002.0,throughput_3b_fullrank_distopt_offload_baseline,600,1024,imported_0525_throughput_study,ok,distopt,,20,0,5
2373.67,800,1815.9571428571428,/home/zhengyangwang/offloading/ATC-Megatron/benchmarks/0526/offload_overlap_optimization_20260526T072656Z/meta/offload_3b4l_cola_distopt_offload_nooverlap_nsys.cmd,,,,0,,0,full_iteration,,0,1,,,,0,,8640,61.182857142857145,0,0,megatron,0,,0,0,0,3526.69,4092.0,4,10.271428571428572,3200,/home/zhengyangwang/offloading/ATC-Megatron/benchmarks/0526/offload_overlap_optimization_20260526T072656Z/logs/offload_3b4l_cola_distopt_offload_nooverlap_nsys.log,3526.69,4092.0,,0,,/home/zhengyangwang/offloading/ATC-Megatron/benchmarks/0526/offload_overlap_optimization_20260526T072656Z/meta/offload_3b4l_cola_distopt_offload_nooverlap_nsys.json,800,cola,3b,1,/home/zhengyangwang/offloading/ATC-Megatron/benchmarks/0526/offload_overlap_optimization_20260526T072656Z/profiles/offload_3b4l_cola_distopt_offload_nooverlap_nsys,32,4,12,1,0.03571428571428571,0.3742857142857143,0.3385714285714286,248.56428571428572,1.0,256.6714285714286,0,0,0,0,4.1499999999999995,1,1,,1,0,10,7,/home/zhengyangwang/.conda/envs/dspeed_env/bin/python,4092.0,offload_3b4l_cola_distopt_offload_nooverlap_nsys,600,1024,local_0526_offload_overlap_study,ok,distopt,,12,0,5
2373.67,800,332.35714285714283,/home/zhengyangwang/offloading/ATC-Megatron/benchmarks/0526/offload_overlap_optimization_20260526T072656Z/meta/offload_3b4l_cola_distopt_offload_overlap_group50m_foreach_smoke.cmd,1,50000000,,0,,0,full_iteration,,0,1,,,,0,,8640,61.355714285714285,0,0,megatron,0,,0,0,0,3526.69,4092.0,4,11.180000000000001,3200,/home/zhengyangwang/offloading/ATC-Megatron/benchmarks/0526/offload_overlap_optimization_20260526T072656Z/logs/offload_3b4l_cola_distopt_offload_overlap_group50m_foreach_smoke.log,3526.69,4092.0,,0,,/home/zhengyangwang/offloading/ATC-Megatron/benchmarks/0526/offload_overlap_optimization_20260526T072656Z/meta/offload_3b4l_cola_distopt_offload_overlap_group50m_foreach_smoke.json,800,cola,3b,1,/home/zhengyangwang/offloading/ATC-Megatron/benchmarks/0526/offload_overlap_optimization_20260526T072656Z/profiles/offload_3b4l_cola_distopt_offload_overlap_group50m_foreach_smoke,32,4,12,1,0.03142857142857143,0.32571428571428573,0.2942857142857143,253.56285714285715,1.0,259.9757142857143,1,0,0,0,3.408571428571428,1,1,,0,0,10,7,/home/zhengyangwang/.conda/envs/dspeed_env/bin/python,4092.0,offload_3b4l_cola_distopt_offload_overlap_group50m_foreach_smoke,600,1024,local_0526_offload_overlap_study,ok,distopt,,12,0,5
2373.67,800,2134.1142857142854,/home/zhengyangwang/offloading/ATC-Megatron/benchmarks/0526/offload_overlap_optimization_20260526T072656Z/meta/offload_3b4l_cola_distopt_offload_overlap_group50m_nsys.cmd,,50000000,,0,,0,full_iteration,,0,1,,,,0,,8640,105.30857142857143,0,0,megatron,0,,0,0,0,3526.69,4092.0,4,11.969999999999999,3200,/home/zhengyangwang/offloading/ATC-Megatron/benchmarks/0526/offload_overlap_optimization_20260526T072656Z/logs/offload_3b4l_cola_distopt_offload_overlap_group50m_nsys.log,3526.69,4092.0,,0,,/home/zhengyangwang/offloading/ATC-Megatron/benchmarks/0526/offload_overlap_optimization_20260526T072656Z/meta/offload_3b4l_cola_distopt_offload_overlap_group50m_nsys.json,800,cola,3b,1,/home/zhengyangwang/offloading/ATC-Megatron/benchmarks/0526/offload_overlap_optimization_20260526T072656Z/profiles/offload_3b4l_cola_distopt_offload_overlap_group50m_nsys,32,4,12,1,0.032857142857142856,0.3528571428571428,0.31999999999999995,238.27428571428572,1.0,258.2785714285714,1,0,0,0,11.357142857142856,1,1,,1,0,10,7,/home/zhengyangwang/.conda/envs/dspeed_env/bin/python,4092.0,offload_3b4l_cola_distopt_offload_overlap_group50m_nsys,600,1024,local_0526_offload_overlap_study,ok,distopt,,12,0,5
2373.67,800,1656.9714285714288,/home/zhengyangwang/offloading/ATC-Megatron/benchmarks/0526/offload_overlap_optimization_20260526T072656Z/meta/offload_3b4l_cola_distopt_offload_overlap_group50m_slab_nsys.cmd,0,50000000,1,0,,0,full_iteration,,0,1,,,,0,,8640,65.79,0,0,megatron,0,,0,0,0,4271.71,4486.0,4,10.175714285714287,3200,/home/zhengyangwang/offloading/ATC-Megatron/benchmarks/0526/offload_overlap_optimization_20260526T072656Z/logs/offload_3b4l_cola_distopt_offload_overlap_group50m_slab_nsys.log,3526.69,4092.0,,0,,/home/zhengyangwang/offloading/ATC-Megatron/benchmarks/0526/offload_overlap_optimization_20260526T072656Z/meta/offload_3b4l_cola_distopt_offload_overlap_group50m_slab_nsys.json,800,cola,3b,1,/home/zhengyangwang/offloading/ATC-Megatron/benchmarks/0526/offload_overlap_optimization_20260526T072656Z/profiles/offload_3b4l_cola_distopt_offload_overlap_group50m_slab_nsys,32,4,12,1,0.03571428571428571,0.36428571428571427,0.32857142857142857,263.3957142857143,1.0,272.48,1,0,0,0,4.077142857142857,1,1,,1,0,10,7,/home/zhengyangwang/.conda/envs/dspeed_env/bin/python,4092.0,offload_3b4l_cola_distopt_offload_overlap_group50m_slab_nsys,600,1024,local_0526_offload_overlap_study,ok,distopt,,12,0,5
2373.67,800,318.7857142857143,/home/zhengyangwang/offloading/ATC-Megatron/benchmarks/0526/offload_overlap_optimization_20260526T072656Z/meta/offload_3b4l_cola_distopt_offload_overlap_group50m_slab_smoke.cmd,0,50000000,1,0,,0,full_iteration,,0,1,,,,0,,8640,60.410000000000004,0,0,megatron,0,,0,0,0,4271.71,4486.0,4,11.544285714285712,3200,/home/zhengyangwang/offloading/ATC-Megatron/benchmarks/0526/offload_overlap_optimization_20260526T072656Z/logs/offload_3b4l_cola_distopt_offload_overlap_group50m_slab_smoke.log,3526.69,4092.0,,0,,/home/zhengyangwang/offloading/ATC-Megatron/benchmarks/0526/offload_overlap_optimization_20260526T072656Z/meta/offload_3b4l_cola_distopt_offload_overlap_group50m_slab_smoke.json,800,cola,3b,1,/home/zhengyangwang/offloading/ATC-Megatron/benchmarks/0526/offload_overlap_optimization_20260526T072656Z/profiles/offload_3b4l_cola_distopt_offload_overlap_group50m_slab_smoke,32,4,12,1,0.03,0.2914285714285715,0.26142857142857145,238.70857142857145,1.0,250.31999999999996,1,0,0,0,6.098571428571428,1,1,,0,0,10,7,/home/zhengyangwang/.conda/envs/dspeed_env/bin/python,4092.0,offload_3b4l_cola_distopt_offload_overlap_group50m_slab_smoke,600,1024,local_0526_offload_overlap_study,ok,distopt,,12,0,5
2373.67,800,1651.4285714285713,/home/zhengyangwang/offloading/ATC-Megatron/benchmarks/0526/offload_overlap_optimization_20260526T072656Z/meta/offload_3b4l_cola_distopt_offload_overlap_nsys.cmd,,,,0,,0,full_iteration,,0,1,,,,0,,8640,65.42714285714285,0,0,megatron,0,,0,0,0,3526.69,4092.0,4,10.167142857142858,3200,/home/zhengyangwang/offloading/ATC-Megatron/benchmarks/0526/offload_overlap_optimization_20260526T072656Z/logs/offload_3b4l_cola_distopt_offload_overlap_nsys.log,3526.69,4092.0,,0,,/home/zhengyangwang/offloading/ATC-Megatron/benchmarks/0526/offload_overlap_optimization_20260526T072656Z/meta/offload_3b4l_cola_distopt_offload_overlap_nsys.json,800,cola,3b,1,/home/zhengyangwang/offloading/ATC-Megatron/benchmarks/0526/offload_overlap_optimization_20260526T072656Z/profiles/offload_3b4l_cola_distopt_offload_overlap_nsys,32,4,12,1,0.04142857142857143,0.3385714285714286,0.29714285714285715,259.16,1.0,271.90999999999997,1,0,0,0,4.71,1,1,,1,0,10,7,/home/zhengyangwang/.conda/envs/dspeed_env/bin/python,4092.0,offload_3b4l_cola_distopt_offload_overlap_nsys,600,1024,local_0526_offload_overlap_study,ok,distopt,,12,0,5
7970.08,800,1004.2466666666666,/home/zhengyangwang/offloading/ATC-Megatron/benchmarks/0526/offload_overlap_optimization_20260526T072656Z/meta/offload_3b_cola_distopt_offload_overlap_group50m_foreach.cmd,1,50000000,,0,,0,full_iteration,,0,1,,,,0,,8640,215.82000000000002,0,0,megatron,0,,0,0,0,13464.8,14436.0,4,33.321333333333335,3200,/home/zhengyangwang/offloading/ATC-Megatron/benchmarks/0526/offload_overlap_optimization_20260526T072656Z/logs/offload_3b_cola_distopt_offload_overlap_group50m_foreach.log,13464.8,14358.0,,0,,/home/zhengyangwang/offloading/ATC-Megatron/benchmarks/0526/offload_overlap_optimization_20260526T072656Z/meta/offload_3b_cola_distopt_offload_overlap_group50m_foreach.json,800,cola,3b,1,/home/zhengyangwang/offloading/ATC-Megatron/benchmarks/0526/offload_overlap_optimization_20260526T072656Z/profiles/offload_3b_cola_distopt_offload_overlap_group50m_foreach,32,24,20,1,0.030000000000000013,0.612,0.582,737.0426666666666,1.0,768.3680000000002,1,0,0,0,18.727999999999998,1,1,,0,0,10,7,/home/zhengyangwang/.conda/envs/dspeed_env/bin/python,14358.0,offload_3b_cola_distopt_offload_overlap_group50m_foreach,600,1024,local_0526_offload_overlap_study,ok,distopt,,20,0,5
9818.51,800,1141.2866666666666,/home/zhengyangwang/offloading/ATC-Megatron/benchmarks/0526/offload_overlap_optimization_20260526T072656Z/meta/offload_3b_cola_distopt_offload_overlap_group50m_slab.cmd,0,50000000,1,0,,0,full_iteration,,0,1,,,,0,,8640,225.236,0,0,megatron,0,,0,0,0,16069.49,16620.0,4,33.30533333333333,3200,/home/zhengyangwang/offloading/ATC-Megatron/benchmarks/0526/offload_overlap_optimization_20260526T072656Z/logs/offload_3b_cola_distopt_offload_overlap_group50m_slab.log,15306.24,16236.0,,0,,/home/zhengyangwang/offloading/ATC-Megatron/benchmarks/0526/offload_overlap_optimization_20260526T072656Z/meta/offload_3b_cola_distopt_offload_overlap_group50m_slab.json,800,cola,3b,1,/home/zhengyangwang/offloading/ATC-Megatron/benchmarks/0526/offload_overlap_optimization_20260526T072656Z/profiles/offload_3b_cola_distopt_offload_overlap_group50m_slab,32,24,20,1,0.030666666666666672,0.6333333333333332,0.6026666666666666,861.1493333333333,1.0,895.0680000000001,1,0,0,0,20.66,1,1,,0,0,10,7,/home/zhengyangwang/.conda/envs/dspeed_env/bin/python,16236.0,offload_3b_cola_distopt_offload_overlap_group50m_slab,600,1024,local_0526_offload_overlap_study,ok,distopt,,20,0,5
