model,impl,runtime_mode,offload_mode_fraction,overlap_enabled,optimization_variant,status,job_id,command_path,log_path,nsys_rep_path,nsys_sqlite_path,parsed_metric_path,failure_skip_reason,notes
3B DP=4 seq1024 mb1 gb4,CoLA,DistOpt,0,0,imported no offload baseline,done,7171700.polaris-pbs-01.hsn.cm.polaris.alcf.anl.gov,benchmarks/0525/throughput_optimization_20260526T053247Z/meta/throughput_3b_cola_distopt_baseline.cmd,benchmarks/0525/throughput_optimization_20260526T053247Z/logs/throughput_3b_cola_distopt_baseline.log,,,benchmarks/0526/offload_overlap_optimization_20260526T072656Z/parsed/offload_overlap_timers.csv,,"Imported prior row: iter 202.55 ms; max allocated 17427.84 MB."
3B DP=4 seq1024 mb1 gb4,CoLA,DistOpt+offload,1.0,0,imported full offload baseline,done,7171705.polaris-pbs-01.hsn.cm.polaris.alcf.anl.gov,benchmarks/0525/throughput_optimization_20260526T053247Z/meta/throughput_3b_cola_distopt_offload_baseline.cmd,benchmarks/0525/throughput_optimization_20260526T053247Z/logs/throughput_3b_cola_distopt_offload_baseline.log,,,benchmarks/0526/offload_overlap_optimization_20260526T072656Z/parsed/offload_overlap_timers.csv,,"Imported prior row: iter 854.57 ms; opt total 670.31 ms; max allocated 13464.80 MB."
3B DP=4 seq1024 mb1 gb4,CoLA,DistOpt+offload,1.0,1,imported current overlap d2h/h2d,done,7171735.polaris-pbs-01.hsn.cm.polaris.alcf.anl.gov,benchmarks/0525/throughput_optimization_20260526T053247Z/meta/throughput_3b_cola_distopt_offload_overlap_d2h_h2d.cmd,benchmarks/0525/throughput_optimization_20260526T053247Z/logs/throughput_3b_cola_distopt_offload_overlap_d2h_h2d.log,,,benchmarks/0526/offload_overlap_optimization_20260526T072656Z/parsed/offload_overlap_timers.csv,,"Imported prior row: iter 1047.52 ms; opt total 806.38 ms; overlap is slower."
3B DP=4 seq1024 mb1 gb4,CoLA,DistOpt+offload,0.5,0,imported offload fraction 0.5,done,7171737.polaris-pbs-01.hsn.cm.polaris.alcf.anl.gov,benchmarks/0525/throughput_optimization_20260526T053247Z/meta/throughput_3b_cola_distopt_offload_fraction_0p5.cmd,benchmarks/0525/throughput_optimization_20260526T053247Z/logs/throughput_3b_cola_distopt_offload_fraction_0p5.log,,,benchmarks/0526/offload_overlap_optimization_20260526T072656Z/parsed/offload_overlap_timers.csv,,"Imported prior row: iter 561.07 ms; max allocated 15435.72 MB."
3B DP=4 seq1024 mb1 gb4,CoLA,DistOpt+offload,1.0,1,imported overlap plus CPU optimizer grouping 50M,done,7171747.polaris-pbs-01.hsn.cm.polaris.alcf.anl.gov,benchmarks/0525/throughput_optimization_20260526T053247Z/meta/throughput_3b_cola_distopt_offload_overlap_group50m.cmd,benchmarks/0525/throughput_optimization_20260526T053247Z/logs/throughput_3b_cola_distopt_offload_overlap_group50m.log,,,benchmarks/0526/offload_overlap_optimization_20260526T072656Z/parsed/offload_overlap_timers.csv,,"Imported prior row: iter 1014.69 ms; grouping improves overlap-only but remains slower than full offload."
3B DP=4 seq1024 mb1 gb4,FullRank,DistOpt,0,0,imported control no offload baseline,done,7171699.polaris-pbs-01.hsn.cm.polaris.alcf.anl.gov,benchmarks/0525/throughput_optimization_20260526T053247Z/meta/throughput_3b_fullrank_distopt_baseline.cmd,benchmarks/0525/throughput_optimization_20260526T053247Z/logs/throughput_3b_fullrank_distopt_baseline.log,,,benchmarks/0526/offload_overlap_optimization_20260526T072656Z/parsed/offload_overlap_timers.csv,,"Imported prior control row: iter 277.74 ms."
3B DP=4 seq1024 mb1 gb4,FullRank,DistOpt+offload,1.0,0,imported control full offload baseline,done,7171701.polaris-pbs-01.hsn.cm.polaris.alcf.anl.gov,benchmarks/0525/throughput_optimization_20260526T053247Z/meta/throughput_3b_fullrank_distopt_offload_baseline.cmd,benchmarks/0525/throughput_optimization_20260526T053247Z/logs/throughput_3b_fullrank_distopt_offload_baseline.log,,,benchmarks/0526/offload_overlap_optimization_20260526T072656Z/parsed/offload_overlap_timers.csv,,"Imported prior control row: iter 1701.58 ms; opt total 1477.18 ms."
3B-width 4-layer DP=4 seq1024 mb1 gb4,CoLA,DistOpt+offload,1.0,0,Nsight offload no-overlap,done,7171762.polaris-pbs-01.hsn.cm.polaris.alcf.anl.gov,benchmarks/0526/offload_overlap_optimization_20260526T072656Z/meta/offload_3b4l_cola_distopt_offload_nooverlap_nsys.cmd,benchmarks/0526/offload_overlap_optimization_20260526T072656Z/logs/offload_3b4l_cola_distopt_offload_nooverlap_nsys.log,benchmarks/0526/offload_overlap_optimization_20260526T072656Z/profiles/offload_3b4l_cola_distopt_offload_nooverlap_nsys.nsys-rep,benchmarks/0526/offload_overlap_optimization_20260526T072656Z/profiles/offload_3b4l_cola_distopt_offload_nooverlap_nsys.sqlite,benchmarks/0526/offload_overlap_optimization_20260526T072656Z/parsed/nsys_offload_overlap.csv,,"Completed 2026-05-26T07:35Z; parsed ok. Nsight row: 8763 kernels, H2D 4.82 GB, D2H 4.80 GB, sync API 1.15 s. Iter wall time includes capture/export overhead."
3B-width 4-layer DP=4 seq1024 mb1 gb4,CoLA,DistOpt+offload,1.0,1,Nsight offload current overlap,done,7171763.polaris-pbs-01.hsn.cm.polaris.alcf.anl.gov,benchmarks/0526/offload_overlap_optimization_20260526T072656Z/meta/offload_3b4l_cola_distopt_offload_overlap_nsys.cmd,benchmarks/0526/offload_overlap_optimization_20260526T072656Z/logs/offload_3b4l_cola_distopt_offload_overlap_nsys.log,benchmarks/0526/offload_overlap_optimization_20260526T072656Z/profiles/offload_3b4l_cola_distopt_offload_overlap_nsys.nsys-rep,benchmarks/0526/offload_overlap_optimization_20260526T072656Z/profiles/offload_3b4l_cola_distopt_offload_overlap_nsys.sqlite,benchmarks/0526/offload_overlap_optimization_20260526T072656Z/parsed/nsys_offload_overlap.csv,,"Completed 2026-05-26T07:38Z; parsed ok. Nsight row: 8760 kernels, H2D 4.82 GB, D2H 4.80 GB, sync API 1.30 s; CUDA API and idle gap higher than no-overlap."
3B-width 4-layer DP=4 seq1024 mb1 gb4,CoLA,DistOpt+offload,1.0,1,Nsight offload overlap plus grouping 50M,done,7171764.polaris-pbs-01.hsn.cm.polaris.alcf.anl.gov,benchmarks/0526/offload_overlap_optimization_20260526T072656Z/meta/offload_3b4l_cola_distopt_offload_overlap_group50m_nsys.cmd,benchmarks/0526/offload_overlap_optimization_20260526T072656Z/logs/offload_3b4l_cola_distopt_offload_overlap_group50m_nsys.log,benchmarks/0526/offload_overlap_optimization_20260526T072656Z/profiles/offload_3b4l_cola_distopt_offload_overlap_group50m_nsys.nsys-rep,benchmarks/0526/offload_overlap_optimization_20260526T072656Z/profiles/offload_3b4l_cola_distopt_offload_overlap_group50m_nsys.sqlite,benchmarks/0526/offload_overlap_optimization_20260526T072656Z/parsed/nsys_offload_overlap.csv,,"Completed 2026-05-26T07:41Z; parsed ok. Nsight row: transfer count/bytes still unchanged, sync API 2.17 s over capture, optimizer total 258.28 ms."
3B-width 4-layer DP=4 seq1024 mb1 gb4,CoLA,DistOpt+offload,1.0,1,foreach copy prototype smoke,done,7171765.polaris-pbs-01.hsn.cm.polaris.alcf.anl.gov,benchmarks/0526/offload_overlap_optimization_20260526T072656Z/meta/offload_3b4l_cola_distopt_offload_overlap_group50m_foreach_smoke.cmd,benchmarks/0526/offload_overlap_optimization_20260526T072656Z/logs/offload_3b4l_cola_distopt_offload_overlap_group50m_foreach_smoke.log,,,benchmarks/0526/offload_overlap_optimization_20260526T072656Z/parsed/offload_overlap_timers.csv,,"Completed 2026-05-26T07:47Z; parsed ok: iter 332.36 ms, opt total 259.98 ms, max allocated 3526.69 MB."
3B DP=4 seq1024 mb1 gb4,CoLA,DistOpt+offload,1.0,1,foreach copy prototype full3B,done,7171766.polaris-pbs-01.hsn.cm.polaris.alcf.anl.gov,benchmarks/0526/offload_overlap_optimization_20260526T072656Z/meta/offload_3b_cola_distopt_offload_overlap_group50m_foreach.cmd,benchmarks/0526/offload_overlap_optimization_20260526T072656Z/logs/offload_3b_cola_distopt_offload_overlap_group50m_foreach.log,,,benchmarks/0526/offload_overlap_optimization_20260526T072656Z/parsed/offload_overlap_timers.csv,,"Completed 2026-05-26T07:49Z; parsed ok: iter 1004.25 ms, opt total 768.37 ms, opt inner 737.04 ms, max allocated 13464.80 MB. Similar to overlap+group50m prior row; not accepted as throughput improvement."
3B-width 4-layer DP=4 seq1024 mb1 gb4,CoLA,DistOpt+offload,1.0,1,slab copy prototype smoke,done,7171770.polaris-pbs-01.hsn.cm.polaris.alcf.anl.gov,benchmarks/0526/offload_overlap_optimization_20260526T072656Z/meta/offload_3b4l_cola_distopt_offload_overlap_group50m_slab_smoke.cmd,benchmarks/0526/offload_overlap_optimization_20260526T072656Z/logs/offload_3b4l_cola_distopt_offload_overlap_group50m_slab_smoke.log,,,benchmarks/0526/offload_overlap_optimization_20260526T072656Z/parsed/offload_overlap_timers.csv,,"Completed 2026-05-26T07:55Z; parsed ok: iter 318.79 ms, opt total 250.32 ms, global max allocated 4271.71 MB. Correctness smoke passed; staging raises memory."
3B-width 4-layer DP=4 seq1024 mb1 gb4,CoLA,DistOpt+offload,1.0,1,slab copy prototype Nsight,done,7171772.polaris-pbs-01.hsn.cm.polaris.alcf.anl.gov,benchmarks/0526/offload_overlap_optimization_20260526T072656Z/meta/offload_3b4l_cola_distopt_offload_overlap_group50m_slab_nsys.cmd,benchmarks/0526/offload_overlap_optimization_20260526T072656Z/logs/offload_3b4l_cola_distopt_offload_overlap_group50m_slab_nsys.log,benchmarks/0526/offload_overlap_optimization_20260526T072656Z/profiles/offload_3b4l_cola_distopt_offload_overlap_group50m_slab_nsys.nsys-rep,benchmarks/0526/offload_overlap_optimization_20260526T072656Z/profiles/offload_3b4l_cola_distopt_offload_overlap_group50m_slab_nsys.sqlite,benchmarks/0526/offload_overlap_optimization_20260526T072656Z/parsed/nsys_offload_overlap.csv,,"Completed 2026-05-26T07:59Z; parsed ok. H2D copies 282 and D2H copies 222 versus 426/366 for group50m; D2D bytes rise from 0.71 GB to 3.05 GB due pack/scatter."
3B DP=4 seq1024 mb1 gb4,CoLA,DistOpt+offload,1.0,1,slab copy prototype full3B,done,7171773.polaris-pbs-01.hsn.cm.polaris.alcf.anl.gov,benchmarks/0526/offload_overlap_optimization_20260526T072656Z/meta/offload_3b_cola_distopt_offload_overlap_group50m_slab.cmd,benchmarks/0526/offload_overlap_optimization_20260526T072656Z/logs/offload_3b_cola_distopt_offload_overlap_group50m_slab.log,,,benchmarks/0526/offload_overlap_optimization_20260526T072656Z/parsed/offload_overlap_timers.csv,,"Completed 2026-05-26T08:01Z; parsed ok: iter 1141.29 ms, opt total 895.07 ms, opt inner 861.15 ms, global max allocated 16069.49 MB. Host copies coalesced in 4-layer profile but full 3B is slower and exceeds offload_fraction_0.5 memory."
