active_allocated_reduction_gb,active_block_count_change,conclusion_cola_increases_fragmentation,inactive_split_change_gb,reserved_allocated_gap_change_gb,reserved_inactive_change_gb,runtime_mode,snapshot_phase
11.737108707427979,32,no,-0.09296941757202148,-3.0539069175720215,-3.0539069175720215,DistOpt,post_init
15.098567485809326,96,no,0.022395610809326172,0.30950498580932617,0.30950498580932617,DistOpt,post_backward
15.098567485809326,96,no,0.022395610809326172,0.30950498580932617,0.30950498580932617,DistOpt,post_optimizer_step
15.098567485809326,96,no,0.022395610809326172,0.30950498580932617,0.30950498580932617,DistOpt,steady_state_after_iter_10
10.05897331237793,0,no,0.0003795623779296875,-3.3511829376220703,-3.3511829376220703,DistOpt+offload,post_init
10.05897331237793,0,no,0.1468639373779297,-0.5289173126220703,-0.5289173126220703,DistOpt+offload,post_backward
10.05897331237793,0,no,0.1468639373779297,-0.5289173126220703,-0.5289173126220703,DistOpt+offload,post_optimizer_step
10.05897331237793,0,no,0.1468639373779297,-0.5289173126220703,-0.5289173126220703,DistOpt+offload,steady_state_after_iter_10
0.6984481811523438,0,no,0.06758880615234375,0.06758880615234375,0.06758880615234375,FSDP,post_init
0.6984481811523438,0,no,0.06758880615234375,-1.9148330688476562,-1.9148330688476562,FSDP,post_backward
4.188111782073975,0,no,-0.04040384292602539,-0.04040384292602539,-0.04040384292602539,FSDP+offload,post_init
4.188111782073975,0,no,-0.04040384292602539,-6.241575717926025,-6.241575717926025,FSDP+offload,post_backward
4.333841800689697,6,no,-0.047017574310302734,-6.095845699310303,-6.095845699310303,FSDP+offload,post_optimizer_step
4.333841800689697,6,no,-0.047017574310302734,-6.095845699310303,-6.095845699310303,FSDP+offload,steady_state_after_iter_10
