allocated_mb,attn_rank,avg_iteration_ms,cuda_device_max_connections,cuda_graph,cuda_launch_blocking,failure_reason,ffn_hidden_size,forward_backward_ms,fsdp_double_buffer,fsdp_grad_reduce_in_bf16,fsdp_impl,fsdp_init_model_with_meta_device,fsdp_use_nccl_ub,fsdp_use_precision_aware_optimizer,fsdp_use_torch_optimizer,global_max_allocated_mb,global_max_reserved_mb,gpus_per_node,grad_sync_ms,hidden_size,log_file,max_allocated_mb,max_reserved_mb,meta_file,mlp_rank,model_impl,model_size,nnodes,nsys_output,num_heads,num_layers,num_logged_iters,offload,optimizer_copy_main_to_model_ms,optimizer_copy_ms,optimizer_copy_to_main_grad_ms,optimizer_inner_ms,optimizer_total_ms,param_all_gather_ms,profile_nsys,profile_ranks,profile_step_end,profile_step_start,python,reserved_mb,results_root,run_id,run_timeout_seconds,seq_length,status,strategy,torch_nccl_async_error_handling,train_iters,warmup_iters
23263.5,512,210.56000000000006,,0,,,5504,149.9793333333333,,,megatron,,,,,26964.1,27176.0,4,51.18200000000001,2048,/home/zhengyangwang/offloading/ATC-Megatron/benchmarks/0525/manual_1b_dp4_20260525T184424Z/logs/baseline_1b_dp4.log,26964.1,27176.0,benchmarks/0525/manual_1b_dp4_20260525T184424Z/meta/baseline_1b_dp4.json,512,baseline,1b,1,,32,24,20,0,7.892666666666668,8.104666666666668,0.212,30.724666666666668,53.452,,,,,,,27176.0,benchmarks/0525/manual_1b_dp4_20260525T184424Z,baseline_1b_dp4,600,1024,ok,baseline,,20,5
11647.39,512,160.92000000000002,,0,,,5504,128.97400000000002,,,megatron,,,,,15334.0,15580.0,4,32.34266666666667,2048,/home/zhengyangwang/offloading/ATC-Megatron/benchmarks/0525/manual_1b_dp4_20260525T184424Z/logs/baseline_1b_dp4_distopt.log,15331.48,15574.0,benchmarks/0525/manual_1b_dp4_20260525T184424Z/meta/baseline_1b_dp4_distopt.json,512,baseline,1b,1,,32,24,20,0,1.9899999999999993,2.262666666666666,0.2726666666666667,7.757333333333334,24.686000000000003,10.532000000000002,,,,,,15574.0,benchmarks/0525/manual_1b_dp4_20260525T184424Z,baseline_1b_dp4_distopt,600,1024,ok,distopt,,20,5
11663.65,512,130.41333333333333,,1,,failed,5504,,,,megatron,,,,,15345.25,15850.0,4,,2048,/home/zhengyangwang/offloading/ATC-Megatron/benchmarks/0525/manual_1b_dp4_20260525T184424Z/logs/baseline_1b_dp4_distopt_cudagraph.log,15342.25,15748.0,benchmarks/0525/manual_1b_dp4_20260525T184424Z/meta/baseline_1b_dp4_distopt_cudagraph.json,512,baseline,1b,1,,32,24,20,0,,,,,,,,,,,,15748.0,benchmarks/0525/manual_1b_dp4_20260525T184424Z,baseline_1b_dp4_distopt_cudagraph,600,1024,failed,distopt,,20,5
7780.11,512,774.3266666666666,,0,,,5504,133.27599999999998,,,megatron,,,,,11463.2,12280.0,4,32.38733333333333,2048,/home/zhengyangwang/offloading/ATC-Megatron/benchmarks/0525/manual_1b_dp4_20260525T184424Z/logs/baseline_1b_dp4_distopt_offload.log,11463.2,12280.0,benchmarks/0525/manual_1b_dp4_20260525T184424Z/meta/baseline_1b_dp4_distopt_offload.json,512,baseline,1b,1,,32,24,20,1,0.024000000000000007,0.314,0.29,617.9140000000001,633.1626666666667,10.584,,,,,,12280.0,benchmarks/0525/manual_1b_dp4_20260525T184424Z,baseline_1b_dp4_distopt_offload,600,1024,ok,distopt,,20,5
,512,,,0,,error:,5504,,,,megatron,,,,,,,4,,2048,/home/zhengyangwang/offloading/ATC-Megatron/benchmarks/0525/manual_1b_dp4_20260525T184424Z/logs/baseline_1b_dp4_megatron_fsdp.log,,,benchmarks/0525/manual_1b_dp4_20260525T184424Z/meta/baseline_1b_dp4_megatron_fsdp.json,512,baseline,1b,1,,32,24,0,0,,,,,,,,,,,,,benchmarks/0525/manual_1b_dp4_20260525T184424Z,baseline_1b_dp4_megatron_fsdp,600,1024,failed,fsdp,,20,5
10580.13,512,189.4666666666667,,0,,,5504,155.01533333333333,,,megatron,,,,,14693.6,15038.0,4,23.59933333333333,2048,/home/zhengyangwang/offloading/ATC-Megatron/benchmarks/0525/manual_1b_dp4_20260525T184424Z/logs/cola_1b_dp4.log,14693.6,15038.0,benchmarks/0525/manual_1b_dp4_20260525T184424Z/meta/cola_1b_dp4.json,512,cola,1b,1,,32,24,20,0,5.194666666666666,5.607999999999999,0.41333333333333333,14.684666666666665,28.419333333333334,,,,,,,15038.0,benchmarks/0525/manual_1b_dp4_20260525T184424Z,cola_1b_dp4,600,1024,ok,baseline,,20,5
5327.55,512,167.18666666666667,,0,,,5504,147.27733333333333,,,megatron,,,,,9428.67,9634.0,4,15.094000000000001,2048,/home/zhengyangwang/offloading/ATC-Megatron/benchmarks/0525/manual_1b_dp4_20260525T184424Z/logs/cola_1b_dp4_distopt.log,9425.5,9518.0,benchmarks/0525/manual_1b_dp4_20260525T184424Z/meta/cola_1b_dp4_distopt.json,512,cola,1b,1,,32,24,20,0,1.3846666666666665,2.001333333333333,0.6166666666666667,3.8233333333333333,13.510666666666667,5.018000000000001,,,,,,9518.0,benchmarks/0525/manual_1b_dp4_20260525T184424Z,cola_1b_dp4_distopt,600,1024,ok,distopt,,20,5
5343.81,512,90.00666666666667,,1,,failed,5504,,,,megatron,,,,,9447.4,9864.0,4,,2048,/home/zhengyangwang/offloading/ATC-Megatron/benchmarks/0525/manual_1b_dp4_20260525T184424Z/logs/cola_1b_dp4_distopt_cudagraph.log,9447.4,9864.0,benchmarks/0525/manual_1b_dp4_20260525T184424Z/meta/cola_1b_dp4_distopt_cudagraph.json,512,cola,1b,1,,32,24,20,0,,,,,,,,,,,,9864.0,benchmarks/0525/manual_1b_dp4_20260525T184424Z,cola_1b_dp4_distopt_cudagraph,600,1024,failed,distopt,,20,5
3577.91,512,588.3866666666667,,0,,,5504,168.13666666666668,,,megatron,,,,,7673.01,7970.0,4,15.127999999999997,2048,/home/zhengyangwang/offloading/ATC-Megatron/benchmarks/0525/manual_1b_dp4_20260525T184424Z/logs/cola_1b_dp4_distopt_offload.log,7673.01,7970.0,benchmarks/0525/manual_1b_dp4_20260525T184424Z/meta/cola_1b_dp4_distopt_offload.json,512,cola,1b,1,,32,24,20,1,0.7886666666666663,1.4319999999999995,0.6433333333333333,390.81999999999994,408.3993333333334,11.292,,,,,,7970.0,benchmarks/0525/manual_1b_dp4_20260525T184424Z,cola_1b_dp4_distopt_offload,600,1024,ok,distopt,,20,5
,512,,,0,1,error:,5504,,0,0,megatron,0,0,0,,,,4,,2048,/eagle/TensorCompress/zhengyangwang/atc_megatron_cola/7170966.polaris-pbs-01.hsn.cm.polaris.alcf.anl.gov/logs/20260525T193722Z_1b_baseline_fsdp_offload0_cg0.log,,,/eagle/TensorCompress/zhengyangwang/atc_megatron_cola/7170966.polaris-pbs-01.hsn.cm.polaris.alcf.anl.gov/meta/20260525T193722Z_1b_baseline_fsdp_offload0_cg0.json,512,baseline,1b,1,,32,24,0,0,,,,,,,,,,,/home/zhengyangwang/.conda/envs/dspeed_env/bin/python,,/eagle/TensorCompress/zhengyangwang/atc_megatron_cola/7170966.polaris-pbs-01.hsn.cm.polaris.alcf.anl.gov,20260525T193722Z_1b_baseline_fsdp_offload0_cg0,120,1024,failed,fsdp,1,20,5
,512,,,1,1,Traceback (most recent call last),5504,,0,0,megatron,0,0,0,,,,4,,2048,/eagle/TensorCompress/zhengyangwang/atc_megatron_cola/7170966.polaris-pbs-01.hsn.cm.polaris.alcf.anl.gov/logs/20260525T193749Z_1b_baseline_fsdp_offload0_cg1.log,,,/eagle/TensorCompress/zhengyangwang/atc_megatron_cola/7170966.polaris-pbs-01.hsn.cm.polaris.alcf.anl.gov/meta/20260525T193749Z_1b_baseline_fsdp_offload0_cg1.json,512,baseline,1b,1,,32,24,0,0,,,,,,,,,,,/home/zhengyangwang/.conda/envs/dspeed_env/bin/python,,/eagle/TensorCompress/zhengyangwang/atc_megatron_cola/7170966.polaris-pbs-01.hsn.cm.polaris.alcf.anl.gov,20260525T193749Z_1b_baseline_fsdp_offload0_cg1,120,1024,failed,fsdp,1,20,5
4515.06,512,974.1133333333333,,0,1,,5504,296.5793333333333,0,0,megatron,0,0,0,,9461.76,13030.0,4,4.7780000000000005,2048,/eagle/TensorCompress/zhengyangwang/atc_megatron_cola/7170966.polaris-pbs-01.hsn.cm.polaris.alcf.anl.gov/logs/20260525T193837Z_1b_baseline_fsdp_offload1_cg0.log,9461.76,13030.0,/eagle/TensorCompress/zhengyangwang/atc_megatron_cola/7170966.polaris-pbs-01.hsn.cm.polaris.alcf.anl.gov/meta/20260525T193837Z_1b_baseline_fsdp_offload1_cg0.json,512,baseline,1b,1,,32,24,20,1,6.41,6.43,0.02,638.7526666666668,667.9086666666666,16.25,,,,,/home/zhengyangwang/.conda/envs/dspeed_env/bin/python,13030.0,/eagle/TensorCompress/zhengyangwang/atc_megatron_cola/7170966.polaris-pbs-01.hsn.cm.polaris.alcf.anl.gov,20260525T193837Z_1b_baseline_fsdp_offload1_cg0,120,1024,ok,fsdp,1,20,5
4515.06,512,,,1,1,error:,5504,,0,0,megatron,0,0,0,,9461.76,13032.0,4,,2048,/eagle/TensorCompress/zhengyangwang/atc_megatron_cola/7170966.polaris-pbs-01.hsn.cm.polaris.alcf.anl.gov/logs/20260525T193920Z_1b_baseline_fsdp_offload1_cg1.log,9461.76,13032.0,/eagle/TensorCompress/zhengyangwang/atc_megatron_cola/7170966.polaris-pbs-01.hsn.cm.polaris.alcf.anl.gov/meta/20260525T193920Z_1b_baseline_fsdp_offload1_cg1.json,512,baseline,1b,1,,32,24,3,1,,,,,,,,,,,/home/zhengyangwang/.conda/envs/dspeed_env/bin/python,13032.0,/eagle/TensorCompress/zhengyangwang/atc_megatron_cola/7170966.polaris-pbs-01.hsn.cm.polaris.alcf.anl.gov,20260525T193920Z_1b_baseline_fsdp_offload1_cg1,120,1024,failed,fsdp,1,20,5
,512,,,0,1,Traceback (most recent call last),5504,,0,0,megatron,0,0,0,,,,4,,2048,/eagle/TensorCompress/zhengyangwang/atc_megatron_cola/7170966.polaris-pbs-01.hsn.cm.polaris.alcf.anl.gov/logs/20260525T194017Z_1b_cola_fsdp_offload0_cg0.log,,,/eagle/TensorCompress/zhengyangwang/atc_megatron_cola/7170966.polaris-pbs-01.hsn.cm.polaris.alcf.anl.gov/meta/20260525T194017Z_1b_cola_fsdp_offload0_cg0.json,512,cola,1b,1,,32,24,0,0,,,,,,,,,,,/home/zhengyangwang/.conda/envs/dspeed_env/bin/python,,/eagle/TensorCompress/zhengyangwang/atc_megatron_cola/7170966.polaris-pbs-01.hsn.cm.polaris.alcf.anl.gov,20260525T194017Z_1b_cola_fsdp_offload0_cg0,120,1024,failed,fsdp,1,20,5
,512,,,1,1,Traceback (most recent call last),5504,,0,0,megatron,0,0,0,,,,4,,2048,/eagle/TensorCompress/zhengyangwang/atc_megatron_cola/7170966.polaris-pbs-01.hsn.cm.polaris.alcf.anl.gov/logs/20260525T194033Z_1b_cola_fsdp_offload0_cg1.log,,,/eagle/TensorCompress/zhengyangwang/atc_megatron_cola/7170966.polaris-pbs-01.hsn.cm.polaris.alcf.anl.gov/meta/20260525T194033Z_1b_cola_fsdp_offload0_cg1.json,512,cola,1b,1,,32,24,0,0,,,,,,,,,,,/home/zhengyangwang/.conda/envs/dspeed_env/bin/python,,/eagle/TensorCompress/zhengyangwang/atc_megatron_cola/7170966.polaris-pbs-01.hsn.cm.polaris.alcf.anl.gov,20260525T194033Z_1b_cola_fsdp_offload0_cg1,120,1024,failed,fsdp,1,20,5
2720.75,512,734.2333333333333,,0,1,,5504,326.67199999999997,0,0,megatron,0,0,0,,7257.76,9324.0,4,8.18,2048,/eagle/TensorCompress/zhengyangwang/atc_megatron_cola/7170966.polaris-pbs-01.hsn.cm.polaris.alcf.anl.gov/logs/20260525T194120Z_1b_cola_fsdp_offload1_cg0.log,7256.88,9324.0,/eagle/TensorCompress/zhengyangwang/atc_megatron_cola/7170966.polaris-pbs-01.hsn.cm.polaris.alcf.anl.gov/meta/20260525T194120Z_1b_cola_fsdp_offload1_cg0.json,512,cola,1b,1,,32,24,20,1,16.928666666666665,16.948666666666664,0.02,315.73266666666666,392.36133333333333,55.10666666666667,,,,,/home/zhengyangwang/.conda/envs/dspeed_env/bin/python,9324.0,/eagle/TensorCompress/zhengyangwang/atc_megatron_cola/7170966.polaris-pbs-01.hsn.cm.polaris.alcf.anl.gov,20260525T194120Z_1b_cola_fsdp_offload1_cg0,120,1024,ok,fsdp,1,20,5
2720.75,512,,,1,1,error:,5504,,0,0,megatron,0,0,0,,7257.76,9324.0,4,,2048,/eagle/TensorCompress/zhengyangwang/atc_megatron_cola/7170966.polaris-pbs-01.hsn.cm.polaris.alcf.anl.gov/logs/20260525T194154Z_1b_cola_fsdp_offload1_cg1.log,7256.88,9324.0,/eagle/TensorCompress/zhengyangwang/atc_megatron_cola/7170966.polaris-pbs-01.hsn.cm.polaris.alcf.anl.gov/meta/20260525T194154Z_1b_cola_fsdp_offload1_cg1.json,512,cola,1b,1,,32,24,3,1,,,,,,,,,,,/home/zhengyangwang/.conda/envs/dspeed_env/bin/python,9324.0,/eagle/TensorCompress/zhengyangwang/atc_megatron_cola/7170966.polaris-pbs-01.hsn.cm.polaris.alcf.anl.gov,20260525T194154Z_1b_cola_fsdp_offload1_cg1,120,1024,failed,fsdp,1,20,5
7088.94,512,336.56000000000006,,0,1,,5504,278.68733333333336,0,0,megatron,0,0,0,1,12050.76,13668.0,4,4.92,2048,/eagle/TensorCompress/zhengyangwang/atc_megatron_cola/7170981.polaris-pbs-01.hsn.cm.polaris.alcf.anl.gov/logs/20260525T194656Z_1b_baseline_fsdp_offload0_cg0.log,12050.76,13668.0,/eagle/TensorCompress/zhengyangwang/atc_megatron_cola/7170981.polaris-pbs-01.hsn.cm.polaris.alcf.anl.gov/meta/20260525T194656Z_1b_baseline_fsdp_offload0_cg0.json,512,baseline,1b,1,,32,24,20,0,4.912000000000001,4.932,0.02,28.493333333333332,50.315999999999995,11.244666666666667,,,,,/home/zhengyangwang/.conda/envs/dspeed_env/bin/python,13668.0,/eagle/TensorCompress/zhengyangwang/atc_megatron_cola/7170981.polaris-pbs-01.hsn.cm.polaris.alcf.anl.gov,20260525T194656Z_1b_baseline_fsdp_offload0_cg0,120,1024,ok,fsdp,1,20,5
3924.67,512,369.53333333333336,,0,1,,5504,315.6446666666667,0,0,megatron,0,0,0,1,8420.22,9856.0,4,8.471333333333334,2048,/eagle/TensorCompress/zhengyangwang/atc_megatron_cola/7170981.polaris-pbs-01.hsn.cm.polaris.alcf.anl.gov/logs/20260525T194743Z_1b_cola_fsdp_offload0_cg0.log,8420.22,9824.0,/eagle/TensorCompress/zhengyangwang/atc_megatron_cola/7170981.polaris-pbs-01.hsn.cm.polaris.alcf.anl.gov/meta/20260525T194743Z_1b_cola_fsdp_offload0_cg0.json,512,cola,1b,1,,32,24,20,0,5.564666666666667,5.584666666666666,0.02,17.633333333333333,45.51200000000001,18.14733333333333,,,,,/home/zhengyangwang/.conda/envs/dspeed_env/bin/python,9824.0,/eagle/TensorCompress/zhengyangwang/atc_megatron_cola/7170981.polaris-pbs-01.hsn.cm.polaris.alcf.anl.gov,20260525T194743Z_1b_cola_fsdp_offload0_cg0,120,1024,ok,fsdp,1,20,5
,800,,,0,,Traceback (most recent call last),8640,,0,0,megatron,0,0,0,0,,,4,,3200,/eagle/TensorCompress/zhengyangwang/atc_megatron_cola/7171107.polaris-pbs-01.hsn.cm.polaris.alcf.anl.gov/logs/20260525T212457Z_3b_baseline_baseline_offload0_cg0.log,,,/eagle/TensorCompress/zhengyangwang/atc_megatron_cola/7171107.polaris-pbs-01.hsn.cm.polaris.alcf.anl.gov/meta/20260525T212457Z_3b_baseline_baseline_offload0_cg0.json,800,baseline,3b,1,/eagle/TensorCompress/zhengyangwang/atc_megatron_cola/7171107.polaris-pbs-01.hsn.cm.polaris.alcf.anl.gov/profiles/20260525T212457Z_3b_baseline_baseline_offload0_cg0,32,24,0,0,,,,,,,0,0,10,7,/home/zhengyangwang/.conda/envs/dspeed_env/bin/python,,/eagle/TensorCompress/zhengyangwang/atc_megatron_cola/7171107.polaris-pbs-01.hsn.cm.polaris.alcf.anl.gov,20260525T212457Z_3b_baseline_baseline_offload0_cg0,300,1024,failed,baseline,,20,5
23973.67,800,253.35333333333335,,0,,,8640,187.48799999999994,0,0,megatron,0,0,0,0,29485.75,30000.0,4,52.366,3200,/eagle/TensorCompress/zhengyangwang/atc_megatron_cola/7171107.polaris-pbs-01.hsn.cm.polaris.alcf.anl.gov/logs/20260525T212603Z_3b_cola_baseline_offload0_cg0.log,29485.75,30000.0,/eagle/TensorCompress/zhengyangwang/atc_megatron_cola/7171107.polaris-pbs-01.hsn.cm.polaris.alcf.anl.gov/meta/20260525T212603Z_3b_cola_baseline_offload0_cg0.json,800,cola,3b,1,/eagle/TensorCompress/zhengyangwang/atc_megatron_cola/7171107.polaris-pbs-01.hsn.cm.polaris.alcf.anl.gov/profiles/20260525T212603Z_3b_cola_baseline_offload0_cg0,32,24,20,0,9.023999999999997,9.443333333333332,0.41933333333333334,32.103333333333325,57.74266666666666,,0,0,10,7,/home/zhengyangwang/.conda/envs/dspeed_env/bin/python,30000.0,/eagle/TensorCompress/zhengyangwang/atc_megatron_cola/7171107.polaris-pbs-01.hsn.cm.polaris.alcf.anl.gov,20260525T212603Z_3b_cola_baseline_offload0_cg0,300,1024,ok,baseline,,20,5
27384.37,800,278.4866666666667,,0,,,8640,210.97133333333335,0,0,megatron,0,0,0,0,32246.66,34068.0,4,76.18866666666666,3200,/eagle/TensorCompress/zhengyangwang/atc_megatron_cola/7171108.polaris-pbs-01.hsn.cm.polaris.alcf.anl.gov/logs/20260525T212644Z_3b_baseline_distopt_offload0_cg0.log,32239.6,33634.0,/eagle/TensorCompress/zhengyangwang/atc_megatron_cola/7171108.polaris-pbs-01.hsn.cm.polaris.alcf.anl.gov/meta/20260525T212644Z_3b_baseline_distopt_offload0_cg0.json,800,baseline,3b,1,/eagle/TensorCompress/zhengyangwang/atc_megatron_cola/7171108.polaris-pbs-01.hsn.cm.polaris.alcf.anl.gov/profiles/20260525T212644Z_3b_baseline_distopt_offload0_cg0,32,24,20,0,4.340666666666667,4.620666666666668,0.2800000000000001,18.094000000000005,55.61133333333334,24.38533333333333,0,0,10,7,/home/zhengyangwang/.conda/envs/dspeed_env/bin/python,33634.0,/eagle/TensorCompress/zhengyangwang/atc_megatron_cola/7171108.polaris-pbs-01.hsn.cm.polaris.alcf.anl.gov,20260525T212644Z_3b_baseline_distopt_offload0_cg0,300,1024,ok,distopt,,20,5
18270.47,800,1770.0866666666666,,0,,,8640,212.10333333333335,0,0,megatron,0,0,0,0,24276.99,24968.0,4,76.32666666666667,3200,/eagle/TensorCompress/zhengyangwang/atc_megatron_cola/7171108.polaris-pbs-01.hsn.cm.polaris.alcf.anl.gov/logs/20260525T212711Z_3b_baseline_distopt_offload1_cg0.log,24276.99,24756.0,/eagle/TensorCompress/zhengyangwang/atc_megatron_cola/7171108.polaris-pbs-01.hsn.cm.polaris.alcf.anl.gov/meta/20260525T212711Z_3b_baseline_distopt_offload1_cg0.json,800,baseline,3b,1,/eagle/TensorCompress/zhengyangwang/atc_megatron_cola/7171108.polaris-pbs-01.hsn.cm.polaris.alcf.anl.gov/profiles/20260525T212711Z_3b_baseline_distopt_offload1_cg0,32,24,20,1,0.02,0.31666666666666665,0.29666666666666663,1512.2606666666666,1545.5333333333333,24.317333333333334,0,0,10,7,/home/zhengyangwang/.conda/envs/dspeed_env/bin/python,24756.0,/eagle/TensorCompress/zhengyangwang/atc_megatron_cola/7171108.polaris-pbs-01.hsn.cm.polaris.alcf.anl.gov,20260525T212711Z_3b_baseline_distopt_offload1_cg0,300,1024,ok,distopt,,20,5
11923.44,800,203.88666666666666,,0,,,8640,168.97,0,0,megatron,0,0,0,0,17442.14,18142.0,4,33.22933333333334,3200,/eagle/TensorCompress/zhengyangwang/atc_megatron_cola/7171108.polaris-pbs-01.hsn.cm.polaris.alcf.anl.gov/logs/20260525T212818Z_3b_cola_distopt_offload0_cg0.log,17427.97,18090.0,/eagle/TensorCompress/zhengyangwang/atc_megatron_cola/7171108.polaris-pbs-01.hsn.cm.polaris.alcf.anl.gov/meta/20260525T212818Z_3b_cola_distopt_offload0_cg0.json,800,cola,3b,1,/eagle/TensorCompress/zhengyangwang/atc_megatron_cola/7171108.polaris-pbs-01.hsn.cm.polaris.alcf.anl.gov/profiles/20260525T212818Z_3b_cola_distopt_offload0_cg0,32,24,20,0,2.290666666666666,2.871333333333333,0.5806666666666668,8.156666666666668,26.469333333333335,10.788666666666668,0,0,10,7,/home/zhengyangwang/.conda/envs/dspeed_env/bin/python,18090.0,/eagle/TensorCompress/zhengyangwang/atc_megatron_cola/7171108.polaris-pbs-01.hsn.cm.polaris.alcf.anl.gov,20260525T212818Z_3b_cola_distopt_offload0_cg0,300,1024,ok,distopt,,20,5
7970.08,800,828.8866666666667,,0,,,8640,177.496,0,0,megatron,0,0,0,0,13463.05,14150.0,4,33.28666666666667,3200,/eagle/TensorCompress/zhengyangwang/atc_megatron_cola/7171108.polaris-pbs-01.hsn.cm.polaris.alcf.anl.gov/logs/20260525T212840Z_3b_cola_distopt_offload1_cg0.log,13463.05,14150.0,/eagle/TensorCompress/zhengyangwang/atc_megatron_cola/7171108.polaris-pbs-01.hsn.cm.polaris.alcf.anl.gov/meta/20260525T212840Z_3b_cola_distopt_offload1_cg0.json,800,cola,3b,1,/eagle/TensorCompress/zhengyangwang/atc_megatron_cola/7171108.polaris-pbs-01.hsn.cm.polaris.alcf.anl.gov/profiles/20260525T212840Z_3b_cola_distopt_offload1_cg0,32,24,20,1,0.022666666666666665,0.6219999999999999,0.5993333333333333,626.264,642.4959999999999,10.809333333333337,0,0,10,7,/home/zhengyangwang/.conda/envs/dspeed_env/bin/python,14150.0,/eagle/TensorCompress/zhengyangwang/atc_megatron_cola/7171108.polaris-pbs-01.hsn.cm.polaris.alcf.anl.gov,20260525T212840Z_3b_cola_distopt_offload1_cg0,300,1024,ok,distopt,,20,5
15315.99,800,501.22666666666663,,0,1,,8640,403.834,0,0,megatron,0,0,0,1,24078.1,28984.0,4,4.813999999999999,3200,/eagle/TensorCompress/zhengyangwang/atc_megatron_cola/7171062.polaris-pbs-01.hsn.cm.polaris.alcf.anl.gov/logs/20260525T204903Z_3b_baseline_fsdp_offload0_cg0.log,24078.1,28500.0,/eagle/TensorCompress/zhengyangwang/atc_megatron_cola/7171062.polaris-pbs-01.hsn.cm.polaris.alcf.anl.gov/meta/20260525T204903Z_3b_baseline_fsdp_offload0_cg0.json,800,baseline,3b,1,,32,24,20,0,7.208,7.226,0.018,58.46600000000001,87.50066666666665,11.516666666666664,,,,,/home/zhengyangwang/.conda/envs/dspeed_env/bin/python,28500.0,/eagle/TensorCompress/zhengyangwang/atc_megatron_cola/7171062.polaris-pbs-01.hsn.cm.polaris.alcf.anl.gov,20260525T204903Z_3b_baseline_fsdp_offload0_cg0,300,1024,ok,fsdp,1,20,5
9245.17,800,1740.2,,0,1,,8640,412.6813333333333,0,0,megatron,0,0,0,1,17973.44,20194.0,4,4.499333333333334,3200,/eagle/TensorCompress/zhengyangwang/atc_megatron_cola/7171062.polaris-pbs-01.hsn.cm.polaris.alcf.anl.gov/logs/20260525T204953Z_3b_baseline_fsdp_offload1_cg0.log,17972.44,20178.0,/eagle/TensorCompress/zhengyangwang/atc_megatron_cola/7171062.polaris-pbs-01.hsn.cm.polaris.alcf.anl.gov/meta/20260525T204953Z_3b_baseline_fsdp_offload1_cg0.json,800,baseline,3b,1,,32,24,20,1,7.874666666666667,7.894666666666667,0.02,1283.2646666666667,1315.7033333333334,13.775333333333334,,,,,/home/zhengyangwang/.conda/envs/dspeed_env/bin/python,20178.0,/eagle/TensorCompress/zhengyangwang/atc_megatron_cola/7171062.polaris-pbs-01.hsn.cm.polaris.alcf.anl.gov,20260525T204953Z_3b_baseline_fsdp_offload1_cg0,300,1024,ok,fsdp,1,20,5
7448.97,800,438.2866666666667,,0,1,,8640,371.07599999999996,0,0,megatron,0,0,0,1,13796.82,16420.0,4,8.325333333333333,3200,/eagle/TensorCompress/zhengyangwang/atc_megatron_cola/7171062.polaris-pbs-01.hsn.cm.polaris.alcf.anl.gov/logs/20260525T205059Z_3b_cola_fsdp_offload0_cg0.log,13765.69,16420.0,/eagle/TensorCompress/zhengyangwang/atc_megatron_cola/7171062.polaris-pbs-01.hsn.cm.polaris.alcf.anl.gov/meta/20260525T205059Z_3b_cola_fsdp_offload0_cg0.json,800,cola,3b,1,,32,24,20,0,6.350666666666668,6.370666666666668,0.02,30.27733333333334,57.816,14.960000000000003,,,,,/home/zhengyangwang/.conda/envs/dspeed_env/bin/python,16420.0,/eagle/TensorCompress/zhengyangwang/atc_megatron_cola/7171062.polaris-pbs-01.hsn.cm.polaris.alcf.anl.gov,20260525T205059Z_3b_cola_fsdp_offload0_cg0,300,1024,ok,fsdp,1,20,5
4807.32,800,1119.62,,0,1,,8640,385.6746666666666,0,0,megatron,0,0,0,1,11130.67,15626.0,4,7.790666666666667,3200,/eagle/TensorCompress/zhengyangwang/atc_megatron_cola/7171062.polaris-pbs-01.hsn.cm.polaris.alcf.anl.gov/logs/20260525T205126Z_3b_cola_fsdp_offload1_cg0.log,11130.67,15624.0,/eagle/TensorCompress/zhengyangwang/atc_megatron_cola/7171062.polaris-pbs-01.hsn.cm.polaris.alcf.anl.gov/meta/20260525T205126Z_3b_cola_fsdp_offload1_cg0.json,800,cola,3b,1,,32,24,20,1,16.853333333333335,16.873333333333335,0.02,667.7559999999999,721.7026666666666,29.844666666666665,,,,,/home/zhengyangwang/.conda/envs/dspeed_env/bin/python,15624.0,/eagle/TensorCompress/zhengyangwang/atc_megatron_cola/7171062.polaris-pbs-01.hsn.cm.polaris.alcf.anl.gov,20260525T205126Z_3b_cola_fsdp_offload1_cg0,300,1024,ok,fsdp,1,20,5
