model_size_config,model_impl,runtime_mode,optimization_tried,status,job_id,command,log_path,profiler_path,parsed_metrics_path,failure_skip_reason,notes
3B DP=4 seq1024 mb1 gb4,FullRank,DistOpt,baseline,done,7171699.polaris-pbs-01.hsn.cm.polaris.alcf.anl.gov,"qsub -v ROOT_DIR=/home/zhengyangwang/offloading/ATC-Megatron,RESULT_DIR=/home/zhengyangwang/offloading/ATC-Megatron/benchmarks/0525/throughput_optimization_20260526T053247Z,MODEL_SIZE=3b,MODEL_IMPL=baseline,STRATEGY=distopt,OFFLOAD=0,CUDA_GRAPH=0,OPT_LABEL=baseline,TRAIN_ITERS=20,TIMING_LOG_LEVEL=1,TIMING_LOG_OPTION=minmax run_one_throughput_polaris.pbs",benchmarks/0525/throughput_optimization_20260526T053247Z/logs/throughput_3b_fullrank_distopt_baseline.log,,benchmarks/0525/throughput_optimization_20260526T053247Z/parsed/timer_breakdown.csv,,"Completed 2026-05-26T05:38:45Z with PBS Exit_status=0; parsed ok: iter 277.74 ms, fwd-bwd 210.21 ms, grad sync 76.02 ms, opt total 55.67 ms, max allocated 32239.60 MB."
3B DP=4 seq1024 mb1 gb4,CoLA,DistOpt,baseline,done,7171700.polaris-pbs-01.hsn.cm.polaris.alcf.anl.gov,"qsub -v ROOT_DIR=/home/zhengyangwang/offloading/ATC-Megatron,RESULT_DIR=/home/zhengyangwang/offloading/ATC-Megatron/benchmarks/0525/throughput_optimization_20260526T053247Z,MODEL_SIZE=3b,MODEL_IMPL=cola,STRATEGY=distopt,OFFLOAD=0,CUDA_GRAPH=0,OPT_LABEL=baseline,TRAIN_ITERS=20,TIMING_LOG_LEVEL=1,TIMING_LOG_OPTION=minmax run_one_throughput_polaris.pbs",benchmarks/0525/throughput_optimization_20260526T053247Z/logs/throughput_3b_cola_distopt_baseline.log,,benchmarks/0525/throughput_optimization_20260526T053247Z/parsed/timer_breakdown.csv,,"Completed 2026-05-26T05:42:46Z with PBS Exit_status=0; parsed ok: iter 202.55 ms, fwd-bwd 167.59 ms, grad sync 33.23 ms, opt total 26.45 ms, max allocated 17427.84 MB."
3B DP=4 seq1024 mb1 gb4,FullRank,DistOpt+offload,baseline,done,7171701.polaris-pbs-01.hsn.cm.polaris.alcf.anl.gov,"qsub -v ROOT_DIR=/home/zhengyangwang/offloading/ATC-Megatron,RESULT_DIR=/home/zhengyangwang/offloading/ATC-Megatron/benchmarks/0525/throughput_optimization_20260526T053247Z,MODEL_SIZE=3b,MODEL_IMPL=baseline,STRATEGY=distopt,OFFLOAD=1,CUDA_GRAPH=0,OPT_LABEL=baseline,TRAIN_ITERS=20,TIMING_LOG_LEVEL=1,TIMING_LOG_OPTION=minmax run_one_throughput_polaris.pbs",benchmarks/0525/throughput_optimization_20260526T053247Z/logs/throughput_3b_fullrank_distopt_offload_baseline.log,,benchmarks/0525/throughput_optimization_20260526T053247Z/parsed/timer_breakdown.csv,,"Completed 2026-05-26T05:45:30Z with PBS Exit_status=0; parsed ok: iter 1701.58 ms, fwd-bwd 211.92 ms, grad sync 76.05 ms, opt inner 1443.74 ms, opt total 1477.18 ms, max allocated 24276.99 MB."
3B DP=4 seq1024 mb1 gb4,CoLA,DistOpt+offload,baseline,done,7171705.polaris-pbs-01.hsn.cm.polaris.alcf.anl.gov,"qsub -v ROOT_DIR=/home/zhengyangwang/offloading/ATC-Megatron,RESULT_DIR=/home/zhengyangwang/offloading/ATC-Megatron/benchmarks/0525/throughput_optimization_20260526T053247Z,MODEL_SIZE=3b,MODEL_IMPL=cola,STRATEGY=distopt,OFFLOAD=1,CUDA_GRAPH=0,OPT_LABEL=baseline,TRAIN_ITERS=20,TIMING_LOG_LEVEL=1,TIMING_LOG_OPTION=minmax run_one_throughput_polaris.pbs",benchmarks/0525/throughput_optimization_20260526T053247Z/logs/throughput_3b_cola_distopt_offload_baseline.log,,benchmarks/0525/throughput_optimization_20260526T053247Z/parsed/timer_breakdown.csv,,"Completed 2026-05-26T05:48:14Z with PBS Exit_status=0; parsed ok: iter 854.57 ms, fwd-bwd 175.23 ms, grad sync 33.33 ms, opt inner 654.07 ms, opt total 670.31 ms, max allocated 13464.80 MB."
3B DP=4 seq1024 mb1 gb4,FullRank,FSDP,baseline,failed,7171708.polaris-pbs-01.hsn.cm.polaris.alcf.anl.gov,"qsub -v ROOT_DIR=/home/zhengyangwang/offloading/ATC-Megatron,RESULT_DIR=/home/zhengyangwang/offloading/ATC-Megatron/benchmarks/0525/throughput_optimization_20260526T053247Z,MODEL_SIZE=3b,MODEL_IMPL=baseline,STRATEGY=fsdp,OFFLOAD=0,CUDA_GRAPH=0,OPT_LABEL=baseline,TRAIN_ITERS=20,TIMING_LOG_LEVEL=1,TIMING_LOG_OPTION=minmax run_one_throughput_polaris.pbs",benchmarks/0525/throughput_optimization_20260526T053247Z/logs/throughput_3b_fullrank_fsdp_baseline.log,,benchmarks/0525/throughput_optimization_20260526T053247Z/parsed/timer_breakdown.csv,"CUDA illegal memory access during optimizer.step()/optimizer-inner-step; NCCL watchdog abort; PBS Exit_status=1","Completed 2026-05-26T05:50:33Z with PBS Exit_status=1; no valid timing row; failure reproduces prior FSDP-only memory-liveness optimizer.step failure."
3B DP=4 seq1024 mb1 gb4,CoLA,FSDP,baseline,failed,7171709.polaris-pbs-01.hsn.cm.polaris.alcf.anl.gov,"qsub -v ROOT_DIR=/home/zhengyangwang/offloading/ATC-Megatron,RESULT_DIR=/home/zhengyangwang/offloading/ATC-Megatron/benchmarks/0525/throughput_optimization_20260526T053247Z,MODEL_SIZE=3b,MODEL_IMPL=cola,STRATEGY=fsdp,OFFLOAD=0,CUDA_GRAPH=0,OPT_LABEL=baseline,TRAIN_ITERS=20,TIMING_LOG_LEVEL=1,TIMING_LOG_OPTION=minmax run_one_throughput_polaris.pbs",benchmarks/0525/throughput_optimization_20260526T053247Z/logs/throughput_3b_cola_fsdp_baseline.log,,benchmarks/0525/throughput_optimization_20260526T053247Z/parsed/timer_breakdown.csv,"CUDA illegal memory access during optimizer.step()/optimizer-inner-step; NCCL watchdog abort; PBS Exit_status=1","Completed 2026-05-26T05:52:50Z with PBS Exit_status=1; no valid timing row; failure matches FullRank FSDP-only and prior memory-liveness FSDP-only optimizer.step failure."
3B DP=4 seq1024 mb1 gb4,FullRank,FSDP+offload,baseline,done,7171711.polaris-pbs-01.hsn.cm.polaris.alcf.anl.gov,"qsub -v ROOT_DIR=/home/zhengyangwang/offloading/ATC-Megatron,RESULT_DIR=/home/zhengyangwang/offloading/ATC-Megatron/benchmarks/0525/throughput_optimization_20260526T053247Z,MODEL_SIZE=3b,MODEL_IMPL=baseline,STRATEGY=fsdp,OFFLOAD=1,CUDA_GRAPH=0,OPT_LABEL=baseline,TRAIN_ITERS=20,TIMING_LOG_LEVEL=1,TIMING_LOG_OPTION=minmax run_one_throughput_polaris.pbs",benchmarks/0525/throughput_optimization_20260526T053247Z/logs/throughput_3b_fullrank_fsdp_offload_baseline.log,,benchmarks/0525/throughput_optimization_20260526T053247Z/parsed/timer_breakdown.csv,,"Completed 2026-05-26T05:55:25Z with PBS Exit_status=0; parsed ok: iter 1585.52 ms, fwd-bwd 229.50 ms, grad sync 4.71 ms, all-gather 13.27 ms, opt inner 1316.95 ms, opt total 1345.72 ms, max allocated 17972.44 MB."
3B DP=4 seq1024 mb1 gb4,CoLA,FSDP+offload,baseline,done,7171713.polaris-pbs-01.hsn.cm.polaris.alcf.anl.gov,"qsub -v ROOT_DIR=/home/zhengyangwang/offloading/ATC-Megatron,RESULT_DIR=/home/zhengyangwang/offloading/ATC-Megatron/benchmarks/0525/throughput_optimization_20260526T053247Z,MODEL_SIZE=3b,MODEL_IMPL=cola,STRATEGY=fsdp,OFFLOAD=1,CUDA_GRAPH=0,OPT_LABEL=baseline,TRAIN_ITERS=20,TIMING_LOG_LEVEL=1,TIMING_LOG_OPTION=minmax run_one_throughput_polaris.pbs",benchmarks/0525/throughput_optimization_20260526T053247Z/logs/throughput_3b_cola_fsdp_offload_baseline.log,,benchmarks/0525/throughput_optimization_20260526T053247Z/parsed/timer_breakdown.csv,,"Completed 2026-05-26T05:57:55Z with PBS Exit_status=0; parsed ok: iter 892.25 ms, fwd-bwd 221.89 ms, grad sync 8.30 ms, all-gather 35.23 ms, opt inner 602.76 ms, opt total 656.17 ms, max allocated 11130.67 MB."
3B-width 4-layer DP=4 seq1024 mb1 gb4,FullRank,DistOpt,Nsight lightweight,done,7171720.polaris-pbs-01.hsn.cm.polaris.alcf.anl.gov,"qsub -v ROOT_DIR=/home/zhengyangwang/offloading/ATC-Megatron,RESULT_DIR=/home/zhengyangwang/offloading/ATC-Megatron/benchmarks/0525/throughput_optimization_20260526T053247Z,RUN_ID=throughput_3b4l_fullrank_distopt_nsys_light,MODEL_SIZE=3b,NUM_LAYERS=4,MODEL_IMPL=baseline,STRATEGY=distopt,OFFLOAD=0,CUDA_GRAPH=0,OPT_LABEL=Nsight_lightweight,TRAIN_ITERS=12,WARMUP_ITERS=5,TIMING_LOG_LEVEL=1,TIMING_LOG_OPTION=minmax,PROFILE_NSYS=1,PROFILE_STEP_START=7,PROFILE_STEP_END=10,PROFILE_RANKS=0 run_one_throughput_polaris.pbs",benchmarks/0525/throughput_optimization_20260526T053247Z/logs/throughput_3b4l_fullrank_distopt_nsys_light.log,benchmarks/0525/throughput_optimization_20260526T053247Z/profiles/throughput_3b4l_fullrank_distopt_nsys_light.sqlite,benchmarks/0525/throughput_optimization_20260526T053247Z/parsed/nsys_summary.csv,,"Completed 2026-05-26T06:00:20Z with PBS Exit_status=0; profiler parsed ok: 7059 kernels, avg kernel 112.55 us, idle gap fraction 0.085, CUDA API 620.66 ms, launch API count 7062, memcpy count 624."
3B-width 4-layer DP=4 seq1024 mb1 gb4,CoLA,DistOpt,Nsight lightweight,failed,7171723.polaris-pbs-01.hsn.cm.polaris.alcf.anl.gov,"qsub -v ROOT_DIR=/home/zhengyangwang/offloading/ATC-Megatron,RESULT_DIR=/home/zhengyangwang/offloading/ATC-Megatron/benchmarks/0525/throughput_optimization_20260526T053247Z,RUN_ID=throughput_3b4l_cola_distopt_nsys_light,MODEL_SIZE=3b,NUM_LAYERS=4,MODEL_IMPL=cola,STRATEGY=distopt,OFFLOAD=0,CUDA_GRAPH=0,OPT_LABEL=Nsight_lightweight,TRAIN_ITERS=12,WARMUP_ITERS=5,TIMING_LOG_LEVEL=1,TIMING_LOG_OPTION=minmax,PROFILE_NSYS=1,PROFILE_STEP_START=7,PROFILE_STEP_END=10,PROFILE_RANKS=0 run_one_throughput_polaris.pbs",benchmarks/0525/throughput_optimization_20260526T053247Z/logs/throughput_3b4l_cola_distopt_nsys_light.log,benchmarks/0525/throughput_optimization_20260526T053247Z/profiles/throughput_3b4l_cola_distopt_nsys_light.sqlite,benchmarks/0525/throughput_optimization_20260526T053247Z/parsed/nsys_summary.csv,"CUDA device busy or unavailable before training startup; PBS Exit_status=1","Completed 2026-05-26T06:02:39Z with PBS Exit_status=1; no profiler artifact; infrastructure/node availability failure, retrying with a new run id."
3B-width 4-layer DP=4 seq1024 mb1 gb4,CoLA,DistOpt,Nsight lightweight retry1,done,7171726.polaris-pbs-01.hsn.cm.polaris.alcf.anl.gov,"qsub -v ROOT_DIR=/home/zhengyangwang/offloading/ATC-Megatron,RESULT_DIR=/home/zhengyangwang/offloading/ATC-Megatron/benchmarks/0525/throughput_optimization_20260526T053247Z,RUN_ID=throughput_3b4l_cola_distopt_nsys_light_retry1,MODEL_SIZE=3b,NUM_LAYERS=4,MODEL_IMPL=cola,STRATEGY=distopt,OFFLOAD=0,CUDA_GRAPH=0,OPT_LABEL=Nsight_lightweight_retry1,TRAIN_ITERS=12,WARMUP_ITERS=5,TIMING_LOG_LEVEL=1,TIMING_LOG_OPTION=minmax,PROFILE_NSYS=1,PROFILE_STEP_START=7,PROFILE_STEP_END=10,PROFILE_RANKS=0 run_one_throughput_polaris.pbs",benchmarks/0525/throughput_optimization_20260526T053247Z/logs/throughput_3b4l_cola_distopt_nsys_light_retry1.log,benchmarks/0525/throughput_optimization_20260526T053247Z/profiles/throughput_3b4l_cola_distopt_nsys_light_retry1.sqlite,benchmarks/0525/throughput_optimization_20260526T053247Z/parsed/nsys_summary.csv,,"Completed 2026-05-26T06:05:28Z with PBS Exit_status=0; profiler parsed ok: 8829 kernels, avg kernel 66.44 us, idle gap fraction 0.141, CUDA API 462.52 ms, launch API count 8832, memcpy count 624."
3B-width 4-layer DP=4 seq1024 mb1 gb4,CoLA,DistOpt,CUDA Graph baseline,done,7171727.polaris-pbs-01.hsn.cm.polaris.alcf.anl.gov,"qsub -v ROOT_DIR=/home/zhengyangwang/offloading/ATC-Megatron,RESULT_DIR=/home/zhengyangwang/offloading/ATC-Megatron/benchmarks/0525/throughput_optimization_20260526T053247Z,RUN_ID=throughput_3b4l_cola_distopt_cudagraph_baseline,MODEL_SIZE=3b,NUM_LAYERS=4,MODEL_IMPL=cola,STRATEGY=distopt,OFFLOAD=0,CUDA_GRAPH=1,OPT_LABEL=CUDA_Graph_baseline,TRAIN_ITERS=20,WARMUP_ITERS=5,TIMING_LOG_LEVEL=1,TIMING_LOG_OPTION=minmax,CUDA_GRAPH_IMPL=full_iteration run_one_throughput_polaris.pbs",benchmarks/0525/throughput_optimization_20260526T053247Z/logs/throughput_3b4l_cola_distopt_cudagraph_baseline.log,,benchmarks/0525/throughput_optimization_20260526T053247Z/parsed/timer_breakdown.csv,,"Training log completed through iteration 20 and parser extracted iter 40.50 ms, max allocated 4689.63 MB, reserved 5410.00 MB; PBS job remained stuck after training and was terminated to release the debug slot."
3B DP=4 seq1024 mb1 gb4,CoLA,DistOpt+offload,overlap_cpu_optimizer_d2h_h2d,done,7171735.polaris-pbs-01.hsn.cm.polaris.alcf.anl.gov,"qsub -v ROOT_DIR=/home/zhengyangwang/offloading/ATC-Megatron,RESULT_DIR=/home/zhengyangwang/offloading/ATC-Megatron/benchmarks/0525/throughput_optimization_20260526T053247Z,RUN_ID=throughput_3b_cola_distopt_offload_overlap_d2h_h2d,MODEL_SIZE=3b,MODEL_IMPL=cola,STRATEGY=distopt,OFFLOAD=1,CUDA_GRAPH=0,OPT_LABEL=overlap_cpu_optimizer_d2h_h2d,TRAIN_ITERS=20,WARMUP_ITERS=5,TIMING_LOG_LEVEL=1,TIMING_LOG_OPTION=minmax,OVERLAP_CPU_OPTIMIZER_D2H_H2D=1 run_one_throughput_polaris.pbs",benchmarks/0525/throughput_optimization_20260526T053247Z/logs/throughput_3b_cola_distopt_offload_overlap_d2h_h2d.log,,benchmarks/0525/throughput_optimization_20260526T053247Z/parsed/timer_breakdown.csv,,"Completed 2026-05-26T06:14:41Z with PBS Exit_status=0; parsed ok: iter 1047.52 ms, fwd-bwd 227.53 ms, grad sync 33.28 ms, opt inner 780.71 ms, opt total 806.38 ms, max allocated 13464.80 MB. Slower than CoLA offload baseline."
3B DP=4 seq1024 mb1 gb4,CoLA,DistOpt+offload,optimizer_offload_fraction_0.5,done,7171737.polaris-pbs-01.hsn.cm.polaris.alcf.anl.gov,"qsub -v ROOT_DIR=/home/zhengyangwang/offloading/ATC-Megatron,RESULT_DIR=/home/zhengyangwang/offloading/ATC-Megatron/benchmarks/0525/throughput_optimization_20260526T053247Z,RUN_ID=throughput_3b_cola_distopt_offload_fraction_0p5,MODEL_SIZE=3b,MODEL_IMPL=cola,STRATEGY=distopt,OFFLOAD=1,CUDA_GRAPH=0,OPT_LABEL=optimizer_offload_fraction_0p5,TRAIN_ITERS=20,WARMUP_ITERS=5,TIMING_LOG_LEVEL=1,TIMING_LOG_OPTION=minmax,OPTIMIZER_OFFLOAD_FRACTION=0.5 run_one_throughput_polaris.pbs",benchmarks/0525/throughput_optimization_20260526T053247Z/logs/throughput_3b_cola_distopt_offload_fraction_0p5.log,,benchmarks/0525/throughput_optimization_20260526T053247Z/parsed/timer_breakdown.csv,,"Completed 2026-05-26T06:18:11Z with PBS Exit_status=0; parsed ok: iter 561.07 ms, fwd-bwd 181.84 ms, grad sync 33.22 ms, opt inner 347.99 ms, opt total 369.11 ms, max allocated 15435.72 MB. Faster than full offload with higher GPU memory."
3B DP=4 seq1024 mb1 gb4,CoLA,FSDP+offload,fsdp_suggested_comm_unit_2e9,done,7171739.polaris-pbs-01.hsn.cm.polaris.alcf.anl.gov,"qsub -v ROOT_DIR=/home/zhengyangwang/offloading/ATC-Megatron,RESULT_DIR=/home/zhengyangwang/offloading/ATC-Megatron/benchmarks/0525/throughput_optimization_20260526T053247Z,RUN_ID=throughput_3b_cola_fsdp_offload_communit_2e9,MODEL_SIZE=3b,MODEL_IMPL=cola,STRATEGY=fsdp,OFFLOAD=1,CUDA_GRAPH=0,OPT_LABEL=fsdp_suggested_comm_unit_2e9,TRAIN_ITERS=20,WARMUP_ITERS=5,TIMING_LOG_LEVEL=1,TIMING_LOG_OPTION=minmax,FSDP_SUGGESTED_COMMUNICATION_UNIT_SIZE=2000000000 run_one_throughput_polaris.pbs",benchmarks/0525/throughput_optimization_20260526T053247Z/logs/throughput_3b_cola_fsdp_offload_communit_2e9.log,,benchmarks/0525/throughput_optimization_20260526T053247Z/parsed/timer_breakdown.csv,,"Completed 2026-05-26T06:20:29Z with PBS Exit_status=0; parsed ok: iter 874.06 ms, fwd-bwd 213.12 ms, grad sync 8.41 ms, all-gather 36.69 ms, opt total 641.99 ms, max allocated 12070.67 MB. Slightly faster than CoLA FSDP+offload baseline with higher memory."
3B DP=4 seq1024 mb1 gb4,CoLA,FSDP+offload,fsdp_double_buffer,failed,7171742.polaris-pbs-01.hsn.cm.polaris.alcf.anl.gov,"qsub -v ROOT_DIR=/home/zhengyangwang/offloading/ATC-Megatron,RESULT_DIR=/home/zhengyangwang/offloading/ATC-Megatron/benchmarks/0525/throughput_optimization_20260526T053247Z,RUN_ID=throughput_3b_cola_fsdp_offload_double_buffer,MODEL_SIZE=3b,MODEL_IMPL=cola,STRATEGY=fsdp,OFFLOAD=1,CUDA_GRAPH=0,OPT_LABEL=fsdp_double_buffer,TRAIN_ITERS=20,WARMUP_ITERS=5,TIMING_LOG_LEVEL=1,TIMING_LOG_OPTION=minmax,FSDP_DOUBLE_BUFFER=1 run_one_throughput_polaris.pbs",benchmarks/0525/throughput_optimization_20260526T053247Z/logs/throughput_3b_cola_fsdp_offload_double_buffer.log,,benchmarks/0525/throughput_optimization_20260526T053247Z/parsed/timer_breakdown.csv,"CUDA device busy or unavailable before training startup; PBS Exit_status=1","Completed 2026-05-26T06:22:14Z with PBS Exit_status=1; failed before training on x3007c0s1b1n0, retrying because this is an infrastructure/node availability failure."
3B DP=4 seq1024 mb1 gb4,CoLA,FSDP+offload,fsdp_double_buffer_retry1,done,7171743.polaris-pbs-01.hsn.cm.polaris.alcf.anl.gov,"qsub -v ROOT_DIR=/home/zhengyangwang/offloading/ATC-Megatron,RESULT_DIR=/home/zhengyangwang/offloading/ATC-Megatron/benchmarks/0525/throughput_optimization_20260526T053247Z,RUN_ID=throughput_3b_cola_fsdp_offload_double_buffer_retry1,MODEL_SIZE=3b,MODEL_IMPL=cola,STRATEGY=fsdp,OFFLOAD=1,CUDA_GRAPH=0,OPT_LABEL=fsdp_double_buffer_retry1,TRAIN_ITERS=20,WARMUP_ITERS=5,TIMING_LOG_LEVEL=1,TIMING_LOG_OPTION=minmax,FSDP_DOUBLE_BUFFER=1 run_one_throughput_polaris.pbs",benchmarks/0525/throughput_optimization_20260526T053247Z/logs/throughput_3b_cola_fsdp_offload_double_buffer_retry1.log,,benchmarks/0525/throughput_optimization_20260526T053247Z/parsed/timer_breakdown.csv,,"Completed 2026-05-26T06:24:18Z with PBS Exit_status=0; parsed ok: iter 891.70 ms, fwd-bwd 232.29 ms, grad sync 8.18 ms, all-gather 25.11 ms, opt total 639.98 ms, max allocated 10376.06 MB. Similar iteration time to baseline, lower all-gather and lower memory."
3B DP=4 seq1024 mb1 gb4,CoLA,DistOpt+offload,prototype_overlap_group50m,done,7171747.polaris-pbs-01.hsn.cm.polaris.alcf.anl.gov,"qsub -v ROOT_DIR=/home/zhengyangwang/offloading/ATC-Megatron,RESULT_DIR=/home/zhengyangwang/offloading/ATC-Megatron/benchmarks/0525/throughput_optimization_20260526T053247Z,RUN_ID=throughput_3b_cola_distopt_offload_overlap_group50m,MODEL_SIZE=3b,MODEL_IMPL=cola,STRATEGY=distopt,OFFLOAD=1,CUDA_GRAPH=0,OPT_LABEL=overlap_group50m,TRAIN_ITERS=20,WARMUP_ITERS=5,TIMING_LOG_LEVEL=1,TIMING_LOG_OPTION=minmax,OVERLAP_CPU_OPTIMIZER_D2H_H2D=1,CPU_OFFLOAD_OVERLAP_GROUP_NUMEL=50000000 run_one_throughput_polaris.pbs",benchmarks/0525/throughput_optimization_20260526T053247Z/logs/throughput_3b_cola_distopt_offload_overlap_group50m.log,,benchmarks/0525/throughput_optimization_20260526T053247Z/parsed/timer_breakdown.csv,,"Completed 2026-05-26T06:31:17Z with PBS Exit_status=0; parsed ok: iter 1014.69 ms, fwd-bwd 231.71 ms, grad sync 33.21 ms, opt inner 736.26 ms, opt total 768.32 ms, max allocated 13464.80 MB. Grouping improves over overlap-only but remains slower than full-offload baseline."
